-- MySQL dump 10.13  Distrib 8.0.33, for Win64 (x86_64)
--
-- Host: web.c8zceuhcull3.ap-southeast-1.rds.amazonaws.com    Database: web
-- ------------------------------------------------------
-- Server version	8.0.33

/*!40101 SET @OLD_CHARACTER_SET_CLIENT=@@CHARACTER_SET_CLIENT */;
/*!40101 SET @OLD_CHARACTER_SET_RESULTS=@@CHARACTER_SET_RESULTS */;
/*!40101 SET @OLD_COLLATION_CONNECTION=@@COLLATION_CONNECTION */;
/*!50503 SET NAMES utf8 */;
/*!40103 SET @OLD_TIME_ZONE=@@TIME_ZONE */;
/*!40103 SET TIME_ZONE='+00:00' */;
/*!40014 SET @OLD_UNIQUE_CHECKS=@@UNIQUE_CHECKS, UNIQUE_CHECKS=0 */;
/*!40014 SET @OLD_FOREIGN_KEY_CHECKS=@@FOREIGN_KEY_CHECKS, FOREIGN_KEY_CHECKS=0 */;
/*!40101 SET @OLD_SQL_MODE=@@SQL_MODE, SQL_MODE='NO_AUTO_VALUE_ON_ZERO' */;
/*!40111 SET @OLD_SQL_NOTES=@@SQL_NOTES, SQL_NOTES=0 */;
SET @MYSQLDUMP_TEMP_LOG_BIN = @@SESSION.SQL_LOG_BIN;
SET @@SESSION.SQL_LOG_BIN= 0;

--
-- GTID state at the beginning of the backup 
--

SET @@GLOBAL.GTID_PURGED=/*!80000 '+'*/ '';

--
-- Table structure for table `blog`
--

DROP TABLE IF EXISTS `blog`;
/*!40101 SET @saved_cs_client     = @@character_set_client */;
/*!50503 SET character_set_client = utf8mb4 */;
CREATE TABLE `blog` (
  `id` varchar(45) NOT NULL,
  `title` varchar(255) NOT NULL DEFAULT '',
  `content` text,
  `created_date` datetime DEFAULT NULL,
  `update_at` date DEFAULT NULL,
  `total_view` int DEFAULT NULL,
  PRIMARY KEY (`id`)
) ENGINE=InnoDB DEFAULT CHARSET=utf8mb4 COLLATE=utf8mb4_0900_ai_ci;
/*!40101 SET character_set_client = @saved_cs_client */;

--
-- Dumping data for table `blog`
--

LOCK TABLES `blog` WRITE;
/*!40000 ALTER TABLE `blog` DISABLE KEYS */;
INSERT INTO `blog` VALUES ('11452b0c-768e-5ff7-0d63-eeb1d8ed8cef','Ut dolorem impedit quia quas.','Ut dolorem aliquam corporis odio libero, voluptatem est unde non. Consequuntur veniam, iusto dicta accusantium natus consectetur reprehenderit aperiam omnis! Enim saepe ex natus magnam eos maxime voluptatem ex sint. At incidunt mollitia enim nihil sed doloremque sunt quo optio. Cumque ut sit alias ut consectetur reprehenderit rerum est nostrum!\r\nFugit placeat, et mollitia pariatur nulla velit ut eos molestiae. Porro velit adipisci molestias voluptatem quia id est ut laborum.\r\nQuia veniam consequatur ut minima maiores iste facilis sit quod. Nihil facere debitis et, quibusdam et repellendus delectus rerum inventore? Amet expedita eveniet natus a tempore a eaque vero consequatur.','2012-07-13 23:01:41','2018-04-20',399),('142cb08f-7c31-21fa-8e90-67245e8b283e','Ad error excepturi architecto ipsum.','Enim ullam fugiat sunt et dolore molestiae omnis nihil sit.','1970-01-01 00:07:13','1971-03-09',434),('17120d02-6ab5-3e43-18cb-66948daf6128','Minima ut odit id hic.','Quas nulla rerum expedita, dolor quam tempore qui placeat fugiat. Dolor aliquam deserunt a laboriosam nihil atque velit sit corrupti. Exercitationem quia ut accusantium nobis ut voluptatem velit perspiciatis et. Et quos voluptatibus natus maxime vel consequatur eos et sed. Sunt optio magni exercitationem nam eaque modi eligendi facilis iste. Est rerum, mollitia neque fugit tempora fugiat consequatur repellat sit. Minima voluptas maxime, architecto soluta beatae id atque doloremque laboriosam...\r\nQuibusdam consequatur non in sed consequatur soluta sit voluptates ut.','2009-03-21 02:11:36','2000-12-14',285),('2bbbd485-6df2-536a-7e32-6a1673ffca7c','Voluptatem omnis voluptatem sit nisi.','Quis aliquam sed sunt dolor explicabo ut voluptas qui eius. Unde voluptatum nostrum ut excepturi hic sit rerum fugit tenetur? Dolores quis, odit rerum qui voluptatem sint natus hic error.','2009-10-30 06:27:42','1976-10-23',511),('4577565a-7e3e-493a-74dd-867949feb8b5','Natus officiis molestiae velit.','Recusandae rerum fuga, natus minima quam odit hic sit inventore. Dolor recusandae possimus dolorum eveniet officiis voluptas aspernatur molestiae a! Architecto unde natus consequuntur blanditiis eum ea minima quia est; illo ea est, deleniti voluptatem ratione error est natus consequatur.\r\nSed sint natus repellendus sed dolores rem incidunt tenetur nisi; non nihil rerum nisi voluptas iusto ipsa, sit reprehenderit eum. Incidunt reiciendis animi aut mollitia deserunt natus incidunt sit magnam. Officiis minus amet voluptatem facilis qui, dolorum similique velit rerum. Natus esse est a quae voluptatem incidunt ut dolor sit. Nobis et possimus iste enim adipisci necessitatibus qui molestias earum. Doloremque quasi et quaerat consectetur veniam itaque non labore est. Ut deserunt ullam aspernatur voluptates error est ut cumque mollitia. Est alias voluptatum, velit libero laboriosam molestiae quas ullam voluptatem. Tempora deleniti quia, eius quasi numquam dicta voluptatem quo qui.\r\nOdio illo quia sed maiores, omnis voluptatem natus nemo id. Magnam excepturi, quaerat possimus inventore unde veniam tenetur consequatur iusto. Omnis autem molestiae architecto aut consequatur sed sit qui eum. Iste veritatis voluptatem, perspiciatis omnis nihil sit necessitatibus eveniet ea! Distinctio earum et cum qui iste quis nisi consequuntur molestiae. Harum aliquid reprehenderit odio iste et libero omnis quia aliquid. Repellat voluptas qui et iure aut non reprehenderit veniam eum. Dolorem qui natus ea quia maxime et quis soluta accusamus; sit voluptatum laboriosam est dolorem veritatis eaque sit fugiat similique. Natus asperiores omnis ratione et blanditiis officiis id accusantium ducimus.','1987-06-02 15:04:57','1973-07-05',678),('469b3ece-744a-45d5-957d-e8c757976496','Molestiae omnis nihil sit atque.','Sed nam consequuntur unde accusantium ipsam ut ea aspernatur quod.\r\nMollitia doloribus commodi dolorem natus harum saepe, est error velit. Et qui eius sed est nemo molestiae adipisci qui quia! Consequatur autem nesciunt quia, est odio earum voluptatem eligendi obcaecati. Error voluptatem officia ducimus iusto, ipsum suscipit aut architecto voluptas? Quidem mollitia in ut, iste accusamus rerum iste voluptatem facilis! Temporibus voluptatem quia quis ratione quaerat quas officia dolores nihil? Quibusdam quaerat et omnis tenetur blanditiis illum labore natus veniam. Provident et provident voluptatem neque sunt aspernatur ab voluptatem veniam; consectetur voluptatem inventore ut non velit neque labore nemo veniam? Iste nihil sit quam, et sed accusantium unde illum voluptatem.\r\nSint fugit fuga soluta tenetur error deserunt aspernatur sit error. Perspiciatis voluptas velit dolor et ipsa corrupti deleniti vel fugiat! Nihil culpa dolorem qui recusandae nam voluptatem natus saepe similique. Qui ut voluptatem et, adipisci ut unde minus nam vel. Voluptatum veniam doloribus voluptatem est omnis maiores et, ducimus vitae. Dolorem sit provident nobis enim eum temporibus iste odio itaque? Ut praesentium dolor exercitationem in officia ut architecto eligendi recusandae. Omnis possimus nihil fugit quia delectus reiciendis architecto iste aut. Error sint, natus delectus tenetur consequatur libero ex optio aut!','1984-11-30 15:47:21','1989-01-05',202),('4e272fc4-7875-78d6-7d32-6a1673ffca7c','Ea sed nam consequuntur unde.','Accusamus qui labore facilis enim odit repellat sit ea molestiae.\r\nEt sed suscipit perspiciatis ut dolores error nisi itaque dolores. Doloribus non, qui dolorum qui dolores voluptatem laboriosam corporis unde. Aut est totam qui et recusandae ratione magnam molestias ut. Voluptatem ea et perspiciatis, quia ut asperiores modi tempora error; non et commodi nam error, culpa non facere ducimus recusandae. Non ratione tenetur nulla laudantium, voluptatem at quaerat ullam maxime. Voluptatibus ex consequatur officia, et eaque recusandae et nihil sed. Odit aut rerum iusto at unde voluptatem ut est sit. Et vero, ut eos repudiandae delectus natus temporibus perspiciatis unde.','2016-11-18 23:22:44','1970-12-11',808),('59d19422-6657-452e-a7db-e5d54223c257','Est odio earum voluptatem eligendi.','Est dicta, commodi qui excepturi rerum corporis natus consequatur tempore. Alias est ut omnis cum aut totam nihil dolores beatae; voluptatem eos laudantium beatae perspiciatis et eveniet consectetur eum voluptas. Exercitationem suscipit et inventore earum dolore aut et suscipit omnis. Eos vitae voluptas quis dignissimos perspiciatis ab eaque doloribus dicta. Autem alias accusantium magni eos magnam a hic similique fugiat!\r\nAnimi quia eos non omnis qui ea tenetur possimus explicabo. Magnam exercitationem architecto repellendus sit cupiditate perspiciatis qui minus fugit? Dolorem ea eos molestiae quia eum accusamus enim quo voluptate. Quisquam sit unde blanditiis beatae ipsum error commodi distinctio ratione. Unde quisquam facere delectus aliquid omnis rerum hic aut sit! Eum quam ducimus, dolor impedit esse sequi deleniti nesciunt natus. Ad enim, nobis dicta rerum quis soluta expedita provident et! Perspiciatis aut omnis et maxime est, quos qui nihil ea.\r\nUt sequi ut quia error, tenetur repudiandae iste voluptatibus consequatur. Porro necessitatibus aperiam voluptatem accusamus sit, odit iste voluptatem nam. Fugiat a repudiandae laborum sed tempore corporis blanditiis quo delectus! Illo optio mollitia reiciendis inventore dolorem laudantium qui magni consequatur. Omnis aut accusantium corporis non itaque a unde sit unde! Tempora qui quia rerum, quaerat quo aut voluptatem ipsa et...','1970-01-01 00:01:04','1970-03-05',63),('7686595d-16d5-33b3-0080-e8e2a817c80e','Dolore voluptatem esse.','Consequatur porro voluptates omnis unde, nesciunt sed ut nihil ea. Qui est perferendis quisquam saepe error voluptas perspiciatis sit sed! Possimus et totam, asperiores quia soluta dolorem iste quos in? Cum fugit voluptate excepturi voluptas laboriosam error natus, recusandae ea!\r\nUt excepturi, explicabo repudiandae beatae alias eos architecto quia error. Ut voluptatem sit, et distinctio ut iste itaque beatae quia. Asperiores repellat sit, cum neque possimus voluptatem tempora iste sequi. Voluptatem in ut beatae sit temporibus quis eos iste voluptates. Enim accusantium sapiente mollitia suscipit et voluptate obcaecati eveniet quas! Quia magnam est dolorum itaque dolor laudantium dolor dolore aut. Blanditiis mollitia numquam nemo omnis quas aut consectetur et dicta.','1971-08-29 07:41:52','1983-03-23',464);
/*!40000 ALTER TABLE `blog` ENABLE KEYS */;
UNLOCK TABLES;

--
-- Table structure for table `blogcomment`
--

DROP TABLE IF EXISTS `blogcomment`;
/*!40101 SET @saved_cs_client     = @@character_set_client */;
/*!50503 SET character_set_client = utf8mb4 */;
CREATE TABLE `blogcomment` (
  `id` varchar(45) NOT NULL,
  `description` text CHARACTER SET utf8mb4 COLLATE utf8mb4_unicode_ci NOT NULL,
  `created_date` datetime DEFAULT NULL,
  `id_user` varchar(45) CHARACTER SET utf8mb3 COLLATE utf8mb3_unicode_ci NOT NULL DEFAULT '',
  `id_blog` varchar(45) NOT NULL DEFAULT '',
  PRIMARY KEY (`id`),
  KEY `fk_id_user` (`id_user`),
  KEY `fk_id_course` (`id_blog`),
  CONSTRAINT `FK_blogcomment_id_blog` FOREIGN KEY (`id_blog`) REFERENCES `blog` (`id`) ON DELETE CASCADE,
  CONSTRAINT `FK_blogcomment_id_user` FOREIGN KEY (`id_user`) REFERENCES `user` (`id`) ON DELETE CASCADE
) ENGINE=InnoDB DEFAULT CHARSET=utf8mb4 COLLATE=utf8mb4_0900_ai_ci;
/*!40101 SET character_set_client = @saved_cs_client */;

--
-- Dumping data for table `blogcomment`
--

LOCK TABLES `blogcomment` WRITE;
/*!40000 ALTER TABLE `blogcomment` DISABLE KEYS */;
INSERT INTO `blogcomment` VALUES ('02434f40-fe51-4087-ae4d-ebd4d99a0e95','a','2024-01-04 00:00:00','2d1caee2-a4bc-4a50-a9d8-a07aa36d4650','4e272fc4-7875-78d6-7d32-6a1673ffca7c'),('118f97f1-28a6-4c1b-f052-311a04b496f9','Omnis dolore numquam iste quia ut id cumque amet porro rerum voluptates explicabo eaque debitis. Dolor reiciendis et provident, sed molestiae labore explicabo quisquam qui nam iste voluptas sed rerum. Voluptatem consequatur expedita enim natus voluptas fugit ea qui possimus velit qui at voluptas temporibus. Ratione laudantium quis magnam qui fugit ut fugit ducimus aut repellendus quia numquam nihil quia! Distinctio ad quisquam et ut architecto eaque, perspiciatis quis aut aperiam soluta amet obcaecati tenetur. Culpa sit maxime adipisci natus consequatur harum dolore quas saepe officia pariatur est sunt animi. Rem pariatur cupiditate numquam ex possimus dignissimos non pariatur at, cum qui voluptatem perspiciatis nostrum. Qui officia ea quis est velit aliquid architecto earum sapiente quis ipsa sunt ut eius. Consequuntur exercitationem neque dolor nisi nihil, autem illum qui veniam quas quae nemo porro et; omnis veritatis sed aliquam aliquid voluptatem iste beatae tempore perspiciatis voluptatem voluptas necessitatibus omnis ipsum. Error voluptatum in ut, cupiditate nulla placeat mollitia et sed optio illum harum ipsa sit! Ut magni totam veniam voluptatem ullam exercitationem odit aliquam repellat cum dignissimos nobis sequi sed. Quia facilis enim suscipit qui inventore non excepturi aliquam sunt esse expedita consectetur illo doloremque. Sint reiciendis corporis fuga consequuntur, et magni dolores omnis ut autem quaerat hic nobis et! Ut magni facere odit sit voluptatem et ut quia quos illum consequuntur esse est natus. Error rerum tempora omnis voluptas magni ex natus quisquam maiores ratione laboriosam voluptate et mollitia. Et velit fugit illum enim, sed aperiam eos cum similique asperiores laudantium aut consequatur consequuntur! Eaque illum velit error atque quisquam et quidem alias molestiae beatae voluptatem eveniet mollitia suscipit. Voluptas blanditiis ipsa iure illo accusamus illo aut nulla aut soluta saepe sit ut enim.\r\nError ut dolorem laudantium tempora quo sit doloremque temporibus et possimus debitis perspiciatis itaque dolores. Laboriosam iure distinctio voluptatem quod sit illum ducimus necessitatibus qui cum dignissimos aut eum pariatur. Quae aperiam perspiciatis veritatis unde aspernatur aliquam autem aliquid voluptatem adipisci sunt veritatis voluptatum quaerat? Iste voluptas id voluptas odio placeat accusantium voluptatem accusantium non odit minus odio et iste! Quaerat repellat ab illo voluptas dolorum sapiente dicta explicabo, est omnis natus dicta cum voluptatum. Rem a molestiae omnis odio voluptatem impedit qui facilis omnis qui dolorum aut minima quae. Quia voluptatibus reprehenderit tempora vel accusantium aut rem temporibus accusamus architecto dolor aut placeat natus! Debitis vel aspernatur vero nesciunt nihil molestiae natus quam ut eos error itaque magnam earum. Maxime praesentium ullam sed aut dolor vel inventore omnis architecto neque praesentium error iste sint. Et illo laudantium quasi sit ut voluptates quasi cupiditate id consectetur cupiditate autem perspiciatis est. Tenetur blanditiis natus debitis quaerat soluta et dolore soluta quia cum consequatur quia culpa voluptas. Enim quo corporis eum omnis est reiciendis qui sunt totam dolorem nisi error inventore alias! Qui a dolores et omnis quo commodi ut voluptas veniam est molestiae sed aut laborum? Soluta quasi aut numquam in molestiae modi quis sit facere omnis obcaecati cum delectus reprehenderit.\r\nQuasi et quas saepe adipisci esse eligendi eveniet sed magnam facilis ut veritatis et culpa. Quo voluptatem et ea eum ex quo eaque ea aut assumenda et fuga quod molestiae. Aliquid aperiam, ad doloremque repellendus iste fugit cumque enim est voluptatem consequuntur rerum qui est. Perspiciatis omnis voluptas harum esse voluptas rerum iure incidunt sed dicta veniam voluptatem laudantium sit; sed sapiente natus quia magnam enim, illo dolor neque quasi quos perspiciatis sed qui ipsum. Et harum eius error atque maxime natus tempore doloremque perspiciatis asperiores in quia et nulla! Maiores deleniti deserunt sed quia ut optio accusamus omnis possimus non eaque dolorum nesciunt est. Tenetur molestiae ab temporibus, ad sequi ipsum asperiores aliquam facilis necessitatibus sequi aut quidem consequatur. In repellat vel sed esse corrupti culpa sit facilis molestias, quia aut ratione ipsa perspiciatis? Mollitia deserunt animi cupiditate optio, sapiente qui maiores quas facilis aspernatur pariatur commodi qui expedita. Eius sed omnis modi distinctio excepturi pariatur quisquam adipisci sint quia est vitae et eaque. Expedita unde omnis et ipsum sed dolores facilis est distinctio nesciunt assumenda quia voluptatem dignissimos. Optio voluptatum et ab doloremque atque soluta laboriosam eligendi et officiis neque consectetur in ut. Rem quo autem perspiciatis harum repudiandae et placeat id sed sit debitis eos vero sapiente? Aspernatur ipsam in voluptatem fugiat sed quo incidunt et quos sunt est numquam rerum aut. Eligendi officiis ut maiores, eveniet ut aut aliquid ipsum fuga asperiores ut enim veritatis quia; quaerat natus dolorem possimus quasi aut corrupti est vitae impedit aut exercitationem et ex voluptate; et omnis voluptatibus labore tenetur et ut eligendi possimus maxime inventore aut eligendi nobis dolores...','1986-02-02 01:17:11','35f60ffb-cdb2-43c2-a09b-150aa7d588d8','4577565a-7e3e-493a-74dd-867949feb8b5'),('13009936-3cb7-1bd0-f47e-9b9c7c262a46','Architecto nobis dolorum beatae amet dolor veniam quaerat beatae reiciendis quae molestiae reiciendis sed et. Minus sed ut qui repellendus nesciunt ut, nam excepturi iure aut eos facere perspiciatis velit. Debitis ipsam commodi rerum, itaque illo laboriosam possimus libero totam eos et natus voluptatum amet? Sapiente sed perspiciatis sapiente, eveniet sed repellendus alias possimus inventore consectetur et labore doloribus minima. Quo numquam esse labore architecto veritatis error eius sapiente eum qui voluptatem rerum quisquam aut. Velit provident sed quia quae, incidunt mollitia nihil eveniet magnam amet ut alias quia sed! Quaerat qui vitae nihil voluptatem quos fuga ut deserunt possimus nobis debitis dolores deleniti est? Quisquam consequatur, voluptas modi esse qui et omnis nam quia dolorem ab iste sed et. Natus obcaecati iste est corporis ut vitae quo sed sit accusamus neque aut culpa non; eligendi voluptas, quis reiciendis enim et quis modi enim ut illo quaerat quia eos voluptate. Ut excepturi quam expedita perferendis possimus voluptas, unde voluptatem ex et voluptas error quia consequatur! Autem quae nobis quo neque expedita et iste ab consectetur eveniet natus exercitationem delectus aliquam. Vel illo autem recusandae vel deleniti perspiciatis, obcaecati nulla dolorem voluptatum consequuntur assumenda quis placeat. Sit voluptatem, inventore tempora incidunt maxime recusandae amet voluptatem numquam quia adipisci ut ab aut. Ipsum optio sint minus saepe voluptas vel provident numquam voluptas molestiae incidunt nihil officia corrupti. Neque aliquam sit illum omnis consequatur omnis alias omnis nulla voluptatem maiores reprehenderit est nostrum! Et perspiciatis nesciunt vel dignissimos molestiae eligendi molestiae est ut temporibus ut dignissimos error est; ut sequi natus soluta suscipit quasi omnis veritatis corporis placeat et aut nostrum neque quo? Nihil magnam nemo dolores autem saepe culpa voluptas, qui magnam quam sit dolores ipsum totam.\r\nDignissimos voluptates quis sit atque quibusdam eligendi repellendus vero iste ad ea aut ut voluptatem. Error quaerat veniam eos consequuntur sed, voluptatem cumque maxime aut veritatis sit voluptatem autem vitae. Quia omnis vero velit nostrum ex voluptas itaque natus cum nisi suscipit excepturi consequuntur aspernatur! Neque nesciunt aut impedit maiores sit ut officiis ipsum libero accusantium et omnis et consequatur. Nostrum omnis ut ipsa rerum error minima optio voluptatibus explicabo aut mollitia dolores sit recusandae! Quo a architecto aliquid non at perspiciatis tenetur voluptatem saepe soluta possimus quidem nisi ut. Consequatur culpa unde soluta perspiciatis repellendus, sit necessitatibus error non blanditiis ut aut suscipit voluptate. Sit repellendus itaque debitis sit labore quidem dolores consectetur eos illo veniam ullam consequuntur sit. Adipisci minima fugit aut dicta quae incidunt libero voluptas eum quasi totam eum ut rerum. Ut voluptas voluptatem nihil consectetur voluptatem ratione aliquam natus alias aut error quia laboriosam praesentium; porro quia obcaecati, expedita eius cum sed iste vel iste facilis et autem et reiciendis. Animi et repudiandae atque deserunt expedita sint temporibus in odio consectetur quia corporis laborum nihil.\r\nEt consectetur iure nobis eos ut non rerum qui ipsa autem magnam molestiae deleniti amet. Recusandae quisquam commodi quis iste quam, omnis labore ad architecto expedita delectus cumque dolor maxime. Blanditiis et atque et eos est aut qui ut non qui et voluptate aut quibusdam. Nihil voluptates doloribus temporibus est laboriosam, quasi nostrum qui ut soluta dolorem sapiente architecto quo! Voluptatem omnis, dolore sit ipsa adipisci dicta aliquam vel perferendis consequatur nihil voluptatibus quo aspernatur. Fuga dolores qui adipisci sed facilis molestiae totam commodi impedit quo et laboriosam ratione aliquam. Quasi earum in nesciunt vel sed quis autem accusantium voluptatibus neque quia asperiores perspiciatis omnis.','1981-12-02 10:06:13','705d61c4-cc2f-48cc-a532-d2b524ae2040','17120d02-6ab5-3e43-18cb-66948daf6128'),('1381ce35-168f-779a-f67e-9b9c7c262a46','Vero obcaecati, sunt sit laboriosam velit impedit est voluptatem ut excepturi consequatur vero beatae quasi. Iste nesciunt quam et placeat et tenetur quibusdam eos sed dolores corporis veniam maxime est. Commodi omnis error et dolor voluptas in molestias minima sit ut voluptatem quod ipsum dolore. Soluta aperiam, voluptas quam ipsum eos velit quo et culpa qui sit voluptates veritatis ut...\r\nIpsa dolores omnis laboriosam qui vero dicta ipsa omnis et similique magnam voluptas quod adipisci. Rerum magni pariatur explicabo nostrum sint ducimus sit deleniti nesciunt velit eum natus quaerat nobis. Dolorum repellat vel eos culpa ex id culpa qui aut qui aut iste delectus perspiciatis? Aut quia unde, laudantium iste quia quaerat voluptatibus veniam mollitia voluptatem quibusdam consectetur natus perspiciatis. Nostrum praesentium officiis, expedita qui quisquam labore quisquam nesciunt et consequuntur ipsam qui hic quo; sint est et error beatae est odio sunt, labore vero quaerat et at eum eius. Molestiae dicta assumenda nemo eos corporis recusandae omnis veniam ut iste consequatur aut enim et; fugit maiores soluta iste, et iste delectus nihil dolorem eius pariatur voluptas et similique dolor. Neque ipsa tempora totam unde et aliquid blanditiis sit, mollitia itaque rerum nisi sed libero. Enim est et natus asperiores natus ut ex sint et eos dignissimos minima suscipit corporis. Sit numquam qui voluptas sed nostrum, magnam reprehenderit quisquam veritatis distinctio dignissimos error alias sit. Voluptate esse omnis et incidunt aspernatur quo natus eius impedit ut consequatur aperiam error reiciendis; neque quo officia recusandae cum pariatur repellat debitis error iure accusamus totam obcaecati voluptates dolores? Minima dolor voluptas ea velit est veniam sint consequatur esse sed velit omnis iure ipsam. Deserunt eveniet veritatis consequatur necessitatibus maxime ipsum recusandae maxime et excepturi architecto quos unde repellat. Tempora enim animi alias harum quasi eum autem voluptatem illum assumenda omnis aut error sint.\r\nVoluptatem perferendis illo ex sint mollitia sunt voluptatem perspiciatis sed omnis molestias voluptatem tempore nam. Veniam facere reprehenderit tempora itaque neque velit dolorem magnam nostrum molestias et sed recusandae laborum. Sint aut, quasi modi sint nihil dolor quas veritatis accusantium voluptatum in sunt eaque molestias! Fugiat eos cupiditate beatae soluta beatae enim dolor quo quisquam pariatur repellendus omnis sint ut. Natus rem, laboriosam blanditiis harum eos error voluptas quia nemo veniam rem ipsum incidunt amet! A obcaecati amet, optio ut dolore necessitatibus minima veniam ut maxime quia voluptatem provident et; aliquam iure quasi suscipit libero unde totam magni quia quas et aspernatur reprehenderit ipsa qui. Ducimus sit culpa recusandae, ut repellat corrupti ut quia natus sed omnis fugit ea alias. Est id sed inventore quia unde non omnis molestiae sed perferendis asperiores dolor molestiae facere. Est libero sit, repellendus sed neque necessitatibus voluptas eaque laboriosam dolore error sed blanditiis non. Quisquam sapiente, beatae veritatis deleniti dolores corrupti modi consequuntur enim asperiores quo eveniet aut omnis. Unde cupiditate deserunt iste assumenda dolorem, cum sapiente error ex rerum reprehenderit est nisi ut. Ipsum tenetur, est quasi dolore et veritatis maiores ad animi dolore officiis dolorem eos pariatur. Dolorum ab culpa consequatur molestias enim impedit recusandae nisi, dolores officia sed et tempora voluptatem; non dolorum voluptatem doloremque, illum assumenda omnis iste dolorem beatae corporis quae aut iste fuga. Iste aut id amet eos ut repellat voluptatem natus ut laudantium dignissimos iure sed voluptates. Et magni est animi consequatur labore omnis, sunt dolorem ex ut in exercitationem repudiandae est. Quia aut fuga quibusdam laborum officia ratione neque debitis et soluta quam ad illo eos! Reiciendis corrupti alias atque ut et facere maiores officiis est tempora amet earum doloremque vel.','2003-01-06 10:47:07','c6e42113-0c6b-48c4-9f2c-1517e9abe9b5','142cb08f-7c31-21fa-8e90-67245e8b283e'),('13993edb-4ddb-5f26-d907-b3681f1cfddf','Est voluptate vel inventore sint sed tempora sint ea dignissimos et porro animi ipsum est. Sit explicabo ipsa rerum amet voluptatem enim sapiente sit omnis cupiditate inventore commodi sed quia. Illum nisi ipsum ex enim, illum fugiat quos et perspiciatis aliquid voluptatem ut dicta mollitia. Perspiciatis voluptas voluptatem est aliquam ea sint ducimus aut animi totam et tenetur aperiam animi. Perspiciatis corporis, error qui distinctio et eos iste perspiciatis corporis dolorem beatae dicta voluptatem voluptas! Voluptas in error modi corporis iste eligendi laborum modi voluptatem ea est libero totam architecto; iste illum pariatur doloribus, laudantium sint officia libero id non molestiae consequuntur iste debitis nesciunt? Voluptatem ea qui repellendus et ut adipisci totam officiis sequi molestiae incidunt, modi corrupti qui. Fugiat quisquam aut quod non nisi omnis saepe dolore optio autem dolores iste est praesentium? Quasi sunt officiis quibusdam dicta dignissimos sequi voluptas exercitationem et at harum debitis aperiam nostrum. Qui sit, ipsa rerum expedita eveniet repellendus molestias eum veniam magnam perferendis laborum accusamus deleniti? Excepturi provident nobis esse debitis voluptatem autem voluptate ipsa aut voluptas rem est ad aut.\r\nRepudiandae minima dolores dolorem ea perspiciatis beatae delectus unde voluptas iusto, consequatur ex atque ut. Unde vel non sed et libero explicabo nesciunt eum, autem sed cum totam quas voluptatem! Molestiae dolorem iusto error et fuga sit eius alias nobis molestiae corporis cupiditate omnis ea. Odit et dolor iusto velit sequi natus porro molestiae commodi numquam unde ea ipsum aspernatur. Et reiciendis et velit ut, sed architecto ipsam quo quis maiores qui error maxime temporibus. Accusantium ut maiores eius nesciunt corrupti iste porro commodi aut quo et dignissimos a magnam. Voluptatem ea eaque sed rerum nisi sint eum possimus accusamus voluptas asperiores sed sit beatae. Atque qui natus nesciunt numquam et quia cupiditate eum voluptatem dolorem ab at unde itaque.\r\nNihil maxime laborum, vero reprehenderit ipsam vel omnis laborum sunt quos autem minus delectus perspiciatis. Qui aut unde sit non reprehenderit adipisci ad ut odio ut et quia ut fuga. Ab et dolorem nostrum et rem ab illo est consequatur tempora beatae neque aliquid repudiandae. Voluptas quia voluptate, sed tenetur eligendi in voluptatem beatae harum esse atque iure praesentium voluptatem! Dolores omnis fuga tenetur accusamus omnis incidunt voluptas repellat natus minus consequatur voluptatem dolores qui; eum temporibus, rerum quia repudiandae odio ullam eos aliquam at libero et possimus nisi quisquam; illo quos ad enim beatae soluta aut quis, ad est debitis possimus est qui sed.','2008-09-25 10:42:53','f55a9d62-1f97-49ae-9b59-c94218aafb4a','469b3ece-744a-45d5-957d-e8c757976496'),('174b1507-7895-6462-0eca-194e61bec35f','Voluptatibus quis iusto similique vel aut voluptas placeat facilis numquam quia vero blanditiis et accusantium. Eaque dignissimos aut laudantium, minus incidunt maxime et aut magnam et laborum dolores voluptas dolorem! Vero minus beatae vitae veritatis esse, et accusamus laudantium architecto et odit beatae iste voluptatem; dolores amet ullam eveniet et quisquam et ea quae odit culpa quia vel corrupti cum. Ipsum autem ratione perspiciatis et, minus dolorem accusamus placeat sit perspiciatis est consequatur laboriosam voluptatem. Voluptatem omnis non consequuntur labore perspiciatis quasi vitae hic debitis voluptatem quisquam dolor error aut? Quidem porro, excepturi voluptatem sequi ipsam qui ea fugit molestiae sint provident consectetur natus corporis! Quis vel tempora et, consequuntur autem quidem nisi sint iste omnis magnam modi corrupti consequatur. Illo iste velit dolores veritatis nisi eaque qui incidunt error ipsam vel fuga qui nostrum. Quis nemo fuga odio quia cum sit beatae facere porro aut eos culpa repellat voluptates? Error dolorem totam, ut et dolor ut deserunt et in unde voluptate error nisi delectus; tenetur accusamus et soluta ut, natus fuga in quaerat assumenda voluptatem sint molestiae vero possimus. Asperiores totam asperiores omnis quia adipisci sint commodi voluptas sit non aspernatur possimus sit est.','1970-01-01 00:56:40','c6e42113-0c6b-48c4-9f2c-1517e9abe9b5','17120d02-6ab5-3e43-18cb-66948daf6128'),('1eecdd59-14c4-253b-f77e-9b9c7c262a46','Labore voluptatem deleniti aliquam quia ipsum necessitatibus voluptas iste distinctio ut ipsum voluptatibus et cupiditate. Aliquid quis assumenda aspernatur maiores optio dolores exercitationem culpa porro harum modi ipsum culpa facilis. Nihil non nihil doloremque velit consequuntur et necessitatibus et cupiditate delectus voluptatem consectetur deleniti repellendus. Aut natus rem, dolore nihil in omnis itaque beatae est et rem recusandae qui non; culpa deserunt, quos laborum minima architecto ut nostrum rerum qui ut et quisquam saepe dicta; odio nostrum, deserunt hic harum ullam sit ipsum sapiente voluptatem nisi quo ipsum est deserunt.\r\nEt necessitatibus quam facere veritatis nobis perspiciatis voluptatibus tempora necessitatibus vel ea dicta neque et. Voluptatem sapiente rerum quidem facilis quam quae et omnis ducimus eum nobis culpa porro voluptatem. Pariatur eius, aut excepturi assumenda dignissimos aut omnis itaque quia iste ipsum quo non voluptatem. Qui aut vel, voluptatem corporis quia minima necessitatibus vitae iste perspiciatis quam maiores possimus omnis. Doloribus non quaerat ipsa omnis maiores nobis eius esse qui aliquid illo ut quisquam delectus! Quae rerum aliquam itaque dolorem rerum ut molestiae qui quasi maxime autem quis consequatur natus; harum esse iste ut velit iste mollitia aperiam aut quibusdam quo et aspernatur praesentium obcaecati. Facere perspiciatis quibusdam ut animi nesciunt qui aut assumenda ab minima aspernatur ipsam minus officia. Et quam eaque non commodi explicabo, nihil velit asperiores in assumenda ea illo neque atque. Mollitia tenetur nihil eaque reiciendis tempore esse voluptatem, praesentium quo non debitis nemo error tenetur! Quia suscipit voluptas quia doloribus consequatur sit fugiat provident qui molestiae distinctio eum odit architecto. Eaque eum deleniti quia dignissimos porro dolores delectus est et eum asperiores, neque est voluptates! Inventore animi provident ipsum quis a minima est facere enim illum facilis expedita nobis enim. Provident aliquam ad deserunt quod officia voluptas, corporis ea quod vel rerum sit facilis eum! Eius provident natus vitae magni eum doloribus ut explicabo voluptatibus a sit aut quisquam et? Architecto illo dolores, expedita est odit iure quae vero error sapiente nisi et dolorem aut...','1978-04-28 21:59:11','705d61c4-cc2f-48cc-a532-d2b524ae2040','4e272fc4-7875-78d6-7d32-6a1673ffca7c'),('25832852-6fb4-18de-0fca-194e61bec35f','Optio libero recusandae corrupti exercitationem laboriosam, voluptas ut quibusdam id nihil non aspernatur eos praesentium. Sed libero perspiciatis est ea aut temporibus eveniet consequatur eaque et voluptatem quae sed impedit! Modi autem excepturi et eius animi aperiam rem quae ut omnis velit repellendus veniam aut. Officia temporibus animi, unde quia et aliquid accusamus alias suscipit odio id dolorem vero nihil. Est deleniti inventore ut et repellendus impedit natus, culpa natus voluptatem ut possimus quasi necessitatibus. Soluta blanditiis quas eaque ex quaerat voluptatem natus odit commodi praesentium aspernatur excepturi fugit voluptas.','2004-05-11 06:41:28','f55a9d62-1f97-49ae-9b59-c94218aafb4a','7686595d-16d5-33b3-0080-e8e2a817c80e'),('2650734e-21b4-4518-6551-12b245ff3d02','Sapiente dolorem ipsa quis nostrum veritatis ex ipsam molestias expedita voluptatem enim eos hic sint. Autem voluptatem et, voluptatem est ut natus quas iure nam perspiciatis rerum tempora exercitationem assumenda.\r\nVoluptatem est at doloribus vel minima velit omnis aut quia aspernatur repellendus dolor voluptas expedita. Corrupti necessitatibus sit, blanditiis veritatis ipsum quae rem nostrum vero enim dolorem molestias eligendi labore. Aut doloremque ut maiores soluta, doloremque tempore aut doloremque sint aut asperiores aut sint harum. Dolor quia sequi numquam quia alias quam dolores vitae laboriosam id deleniti voluptatem laudantium hic! Quisquam ab culpa obcaecati architecto aperiam perspiciatis fugiat debitis omnis itaque possimus doloribus quia rerum. Repudiandae natus ipsam quo non, neque sed autem nam alias ex et esse rerum rem. Voluptatem beatae dicta et praesentium ab beatae, fugiat et quo rem in aut nisi ea; ut delectus ut aperiam est temporibus laborum corrupti modi id eum dolores aut perferendis excepturi; nemo blanditiis nesciunt molestias soluta enim porro ut est fuga quibusdam sunt quidem architecto tenetur. Nihil omnis sit est quis perspiciatis fugit a aliquam, perspiciatis in error voluptas ut assumenda! Totam quisquam quam aut minus perspiciatis, natus dolores sint quod laboriosam qui cumque quia atque. Voluptate et tempore nulla nihil impedit obcaecati sit qui explicabo illum perspiciatis vel quisquam eos. Omnis eveniet unde omnis architecto ea est mollitia non asperiores libero consectetur quod rerum nihil! Molestias esse veniam magnam est aliquid rerum molestias natus quia veniam adipisci, magni adipisci ipsam. Reiciendis qui itaque omnis rem non unde et eveniet aut magni fugiat autem ratione praesentium. Dolor qui ad repellendus sed velit sit voluptate veniam possimus, aperiam magnam accusamus ducimus quia. Minima sunt voluptatibus, quasi non quam est eligendi dolorem unde minima totam culpa voluptatem qui.','1970-01-01 00:00:10','c6e42113-0c6b-48c4-9f2c-1517e9abe9b5','4e272fc4-7875-78d6-7d32-6a1673ffca7c'),('335247c0-5fe2-71e9-f57e-9b9c7c262a46','Nostrum quia voluptatem eos est iste hic iure sit quidem dolorum quia et rem blanditiis. Quasi qui consequatur eum sint temporibus tenetur sit modi facere omnis officiis iste ullam ducimus. Amet incidunt aliquam iste harum eum et unde corporis quia id modi impedit esse dolores. Quia asperiores at odit non quod sint et accusamus quis magni, pariatur harum atque qui. Doloribus accusamus accusantium aut perspiciatis excepturi soluta et amet sequi expedita dolorem repellendus dolor similique? Non eum quo qui, ipsum rem id quia obcaecati aut perspiciatis est iste deleniti corporis. Voluptatem nisi adipisci ad et ea laboriosam quisquam dolores commodi, ipsa adipisci molestiae eos sit. Minus rerum voluptatem, dolorem natus cupiditate et voluptatibus impedit laboriosam quos ut id sunt praesentium. Dolor ad blanditiis iste perspiciatis ullam et consequatur voluptatem qui molestiae ratione quis quia et. Rerum ipsam quae ipsam quibusdam eum ab quia molestiae placeat fugit animi voluptas molestias voluptatem. Nam laborum quae et, voluptatem repellendus quo ut corrupti enim maxime dolore et totam dolor! Et exercitationem aut et quae unde delectus incidunt est libero aliquam quisquam provident inventore sed.','2010-02-25 17:41:32','705d61c4-cc2f-48cc-a532-d2b524ae2040','4e272fc4-7875-78d6-7d32-6a1673ffca7c'),('36c85a84-262d-7c74-701d-bb3758d4bac0','Natus nulla, provident aut debitis similique corporis est tempora ullam pariatur sequi unde ipsam aliquam. Ut officia aliquid sequi mollitia earum autem doloribus inventore dolores voluptatum iste maiores eveniet esse. Tenetur eos omnis quasi est sint ab unde aut neque blanditiis necessitatibus perspiciatis ut eius. Rem natus ut laboriosam incidunt blanditiis perspiciatis eius, odit illum at omnis voluptatem provident expedita. Iste consequatur voluptatem ullam consectetur voluptatem assumenda beatae in, vel id magnam numquam laboriosam magni.\r\nVoluptas ipsam magnam et consequatur et illum facilis, magnam molestiae numquam natus voluptatem non et. Exercitationem perspiciatis, vitae minus quae rerum eum debitis libero optio facere error tempora expedita perspiciatis? Eligendi voluptate laborum adipisci quidem aspernatur iste cumque itaque ab quia consequatur eos et quam. Alias placeat omnis ipsa eaque sit pariatur ut voluptatem rerum odit et, commodi porro voluptatibus.\r\nConsectetur aut exercitationem iusto exercitationem unde sapiente sit consequuntur dolorem error ex cumque praesentium dolores. Ullam quia error id, excepturi qui nisi aut quibusdam et eligendi provident neque qui veritatis. Dolores ducimus omnis quo amet, ea ut fuga quidem magni ullam ut eos aut est. Eveniet nulla ut possimus exercitationem sunt libero inventore dolores, quis ut sequi eos voluptatem sit! Repellendus et nisi veritatis ut laboriosam consequatur incidunt fuga est quia dolorem et qui vitae. Nesciunt corrupti nostrum, suscipit odit dolore eos ratione corrupti quibusdam sed dignissimos voluptatem iste perspiciatis. Voluptas sit voluptatem qui eveniet dolor dolorem est voluptatem fugiat accusantium libero culpa et inventore! Quos nesciunt enim aut sint non in maiores nesciunt quo recusandae rerum inventore earum ut. Beatae rerum sit voluptatem, molestiae atque quos dolor quia et consequatur ducimus amet tempora cupiditate. Laborum fuga ratione omnis distinctio molestias perspiciatis sed, quis dolorum est ex repellat facilis dolores; molestiae quidem libero vitae non quisquam rerum neque quia consequuntur velit nesciunt laboriosam consequuntur distinctio.','2009-08-21 10:14:06','f55a9d62-1f97-49ae-9b59-c94218aafb4a','2bbbd485-6df2-536a-7e32-6a1673ffca7c'),('37d644e2-16ef-5af2-58d2-3c86733c21a7','Quis omnis sit dolores sit quo ducimus amet aut rerum quia perspiciatis sed cupiditate vel. Ab ex voluptatem ut consequuntur qui harum voluptates aut non et doloremque incidunt illo voluptatem. Quasi et magni laborum qui, ut perspiciatis minus eum voluptatibus corporis sed voluptatem voluptas ducimus. Sit veritatis minus est enim et qui ducimus rerum veritatis est dolores est animi quam. Illo magnam, labore veritatis tempora optio aperiam distinctio explicabo quidem sed non voluptatum eius et; qui dolor ut omnis, blanditiis qui praesentium rerum corrupti sed aut ut et quaerat impedit. Exercitationem id quia officiis expedita sit accusantium minima, quibusdam libero eaque veniam accusantium eos est. Sed totam eum error, delectus officiis unde illum labore ex temporibus a voluptatem earum qui. Aut ut velit voluptas et officia debitis assumenda error ipsam corrupti sit dolorum in cumque.','1970-01-01 00:06:55','f55a9d62-1f97-49ae-9b59-c94218aafb4a','59d19422-6657-452e-a7db-e5d54223c257'),('3935b678-50a9-3b25-57d2-3c86733c21a7','Ratione asperiores quibusdam doloribus, repellat quibusdam modi unde quaerat alias aut enim praesentium eum qui; vel eos et fuga, natus et ipsam ullam quisquam molestiae expedita sed natus rerum est. Magni omnis adipisci, iure in enim neque distinctio sed tempore dolores doloremque commodi officiis debitis. Voluptatem tempora quas atque est fuga qui sint omnis natus asperiores pariatur aut sapiente et. Sed eius officiis aliquid et cum voluptatem nisi, facilis porro sapiente qui officia sed quis. Distinctio explicabo, voluptas sunt error totam error atque voluptatem ut cupiditate vitae error consequatur quam. Nesciunt quasi maiores nihil numquam blanditiis explicabo quidem eum, veritatis neque atque cupiditate ipsam ipsa. Expedita sunt incidunt ut ex aut ullam unde labore minus dignissimos nam qui enim minima! Voluptatibus molestiae, quia fugit repudiandae aspernatur minima numquam dolores accusamus molestias eveniet iste aliquam ipsam. Perspiciatis dolores voluptatem est eum totam quod necessitatibus debitis ipsum dolorem aut temporibus similique earum? Eos illum id omnis inventore eum ex eum et alias illo aut tempora quisquam eum. Quod aut aliquam, optio ut sunt provident esse quidem qui rerum aut esse non aspernatur; est enim a recusandae error sit quia atque facilis omnis error consequatur quia rerum quo. Architecto natus praesentium veritatis harum natus aspernatur voluptatem error dignissimos non ut laudantium autem enim! Qui quidem impedit eos dolorem et a voluptatum doloribus rerum ullam rerum aut repellendus velit.\r\nArchitecto recusandae iste tenetur nemo eum iste error quisquam dolor voluptatibus omnis optio reprehenderit doloremque. Vel cupiditate animi, sed molestiae dolor ea et quo dolores quam consequatur sed consequatur provident! Veritatis blanditiis dolor nihil fuga adipisci quo odio quos dolores perferendis aut voluptatem dignissimos error. Ipsam officia numquam iusto ut nisi doloribus nobis et ut dolor ea dolor et eaque! Beatae ut rerum vel id, necessitatibus voluptas illo consequuntur perspiciatis voluptatem temporibus aliquid impedit assumenda? Est consectetur in, quis totam nisi autem maiores neque quod vitae rerum repudiandae voluptatem ducimus. Sed repudiandae fugit omnis autem nobis, quo doloribus perferendis est doloribus sed est saepe ex! Aut magni rerum voluptas consequuntur veniam sequi maiores totam quae qui iste voluptatem adipisci et; laudantium et, sint qui tempora est laudantium nemo dolor voluptas dolore et voluptatem voluptas sed. Explicabo error velit facere nihil hic quo ut voluptatem voluptatibus praesentium rerum vel facere quibusdam; qui itaque est unde nulla eligendi, sed atque et velit consequatur vel nisi omnis repudiandae. Quae iusto, natus quia officiis quae consequuntur aliquam culpa omnis neque modi dolor quia nisi. Consequuntur debitis perferendis dolorum nisi illo error qui at rerum vel ab at aut ratione; et laboriosam molestiae corporis voluptas quas nemo consectetur voluptatem soluta perspiciatis fugit tempora unde obcaecati. Enim adipisci est aliquid non cum exercitationem eveniet et a perspiciatis aut odio sit totam. Animi quia, asperiores omnis dolores ducimus porro at aut ut cupiditate iure deserunt nostrum sed. Omnis magni sit earum assumenda consequuntur dolorem sunt qui dignissimos eum provident recusandae rerum sunt. Ut ab quidem exercitationem ipsam iure dolores ut dolorem doloremque quas corrupti quam id magni.','2015-12-17 10:25:51','c6e42113-0c6b-48c4-9f2c-1517e9abe9b5','59d19422-6657-452e-a7db-e5d54223c257'),('3abbb653-5399-1594-6451-12b245ff3d02','Aliquam est sunt magni provident nobis adipisci deserunt a id et sequi vero natus sunt. Velit amet ex ducimus qui consectetur voluptatem incidunt eos deserunt adipisci aliquam quisquam culpa rerum. Rerum accusantium aut quis esse assumenda illum et velit ut consequuntur tenetur consequuntur rerum enim. Vero sapiente amet, dolores nesciunt sit beatae quae velit iure et quibusdam voluptatibus ut quisquam. Cum quia expedita sequi distinctio atque ea vel eveniet voluptatem itaque nesciunt aliquam quod dolorum.\r\nNisi iste est magni earum ab error sequi ullam voluptate perspiciatis veritatis iste exercitationem dolorem; architecto ad, est officia iste perferendis omnis obcaecati voluptatem ex aliquam consequatur reiciendis dicta esse. Voluptatem consequatur numquam fugit natus ipsam voluptatem error aut amet laborum sint ea error molestias.','2006-02-24 07:51:39','705d61c4-cc2f-48cc-a532-d2b524ae2040','4e272fc4-7875-78d6-7d32-6a1673ffca7c'),('3ad272c3-475a-5c9b-59d2-3c86733c21a7','Rerum tenetur molestiae similique cupiditate ut nam sint omnis neque voluptatem natus nihil et voluptatem. Unde quia impedit quia maiores in eum molestiae, est sed unde voluptatem suscipit est officia. Minima voluptate voluptatem aut quia quibusdam velit sit temporibus veniam voluptatem perspiciatis hic eaque maxime! Et laudantium quo est perferendis veniam voluptatibus perspiciatis quia nostrum non ut et necessitatibus illo. Omnis illo fugit aliquam commodi sit molestias dolorem dicta voluptatem laboriosam sunt consequuntur dignissimos architecto! Praesentium sapiente odit et cumque natus in et a aperiam blanditiis voluptatem eaque esse ipsum. Quo blanditiis vero nemo qui dolorum architecto molestiae velit, ut eligendi nesciunt sit nihil ea! Aliquid veritatis qui accusamus dolorum enim voluptatem numquam saepe consequatur ut in aut quia doloremque. Voluptatem sapiente reprehenderit quo quisquam beatae sint non assumenda, nihil a dolor culpa sapiente ut. Quaerat voluptatem ut alias aut cumque numquam sit laborum consequuntur dolorem sed autem accusamus harum. Praesentium sit cupiditate officia rerum et est qui voluptatem est aut inventore natus non necessitatibus. Ipsa temporibus voluptas aliquam ut quis molestias eaque voluptas minima voluptas qui tempore eveniet repellendus! Molestiae a dolore sequi sunt, saepe totam rem quas explicabo aspernatur incidunt sint tempore iste; dolores voluptatum voluptatem et natus deleniti et non qui inventore temporibus neque reiciendis consequatur ratione. Provident doloremque vitae consequuntur labore quasi optio quaerat vero dicta pariatur iusto ut perspiciatis et. Voluptatem nobis aliquid ut non aut et hic voluptatem distinctio quia aliquid facilis fugiat consequuntur! Tenetur illo natus ut aliquid minus id dolor a voluptas inventore temporibus animi expedita exercitationem.\r\nEst sunt veniam tempore doloribus qui repellat libero fugiat accusamus non, et consequatur qui cupiditate. Necessitatibus quod dolorem doloribus commodi reiciendis omnis voluptatem ducimus in cum sed neque ipsa labore. Temporibus in, omnis totam qui facere iure assumenda ut architecto odit ut consequuntur repudiandae veniam; animi in odit fugiat laboriosam qui ea porro quo blanditiis fugiat neque error nemo provident? Aut et tenetur excepturi expedita quae quis non corporis corrupti cupiditate numquam nam modi exercitationem. Quam et corporis et deserunt at unde sed porro commodi quasi non ex totam consequatur. Error iste error, culpa consequatur ea labore fugit iste quia sit voluptatem et ipsa aperiam. Dolorem mollitia ab obcaecati tempore similique qui molestiae aut earum sequi perspiciatis quod error harum. Minima dolorum vel, et consectetur voluptates est at harum qui neque aut sit quia nisi. Iure illo, quia quis architecto maiores error esse mollitia eaque unde magni tempora aut alias. Est dolorem laboriosam molestiae facere et quod qui dolores dicta autem omnis eum cumque consectetur. Aut odio tempora, blanditiis dolor doloremque molestiae sunt sit corrupti ut odit recusandae consequatur debitis. Perspiciatis error odio, autem iusto quia laudantium iste repellendus qui sit dolore quam dolore assumenda!\r\nIste sit qui praesentium accusantium itaque fugiat sit maiores sit deleniti perferendis maiores quis eligendi; ex esse illo amet dicta ut iusto inventore veniam deserunt vel suscipit ullam commodi consequatur. Ut itaque sed facere amet voluptatem non eum aut soluta tenetur necessitatibus a nobis minus. Qui est explicabo unde officiis error, necessitatibus similique architecto eius quidem non nam et dicta! Natus qui ut illo sunt velit consequatur quas, repudiandae quo nobis qui tenetur at dolorem...','1970-01-01 02:09:09','35f60ffb-cdb2-43c2-a09b-150aa7d588d8','7686595d-16d5-33b3-0080-e8e2a817c80e'),('42a518ba-6c9d-6654-ee52-311a04b496f9','Perspiciatis perferendis enim ratione dolores voluptatem voluptates in itaque corporis unde quibusdam vitae vel ullam. Adipisci iste aut qui ratione ut recusandae voluptates modi ullam veritatis libero ut asperiores itaque. Et alias aperiam, ipsum sed vero deserunt unde natus tenetur quo voluptatem repellendus harum molestias. Illum sit et voluptas consequatur omnis id sed eos ut consequuntur qui in error aspernatur. Earum quo, porro dignissimos et sunt dolores inventore qui quis cum vitae provident corrupti esse. Dolores quisquam itaque iste ea tempore voluptates beatae aut deleniti omnis laudantium non dolore ut; eveniet aut corporis vitae placeat et ab pariatur dolorem illum veritatis molestias rerum quis aliquid. Magni sit quos dolor animi eligendi tenetur voluptas temporibus magni a consequatur voluptate doloremque quia!','1976-11-16 21:26:59','705d61c4-cc2f-48cc-a532-d2b524ae2040','7686595d-16d5-33b3-0080-e8e2a817c80e'),('528f1e3c-5128-7a54-db07-b3681f1cfddf','Quod maiores unde autem minima perspiciatis est ut voluptatem facere debitis praesentium eveniet itaque magnam. Maiores natus sed aperiam, id et officiis harum est alias harum quasi omnis iste ut. Deserunt ratione culpa cupiditate expedita dolorem velit ut omnis voluptas rerum tempora quia saepe ullam. Nisi eum sed sit sed soluta magni tempora rem dolor perspiciatis ut soluta earum recusandae. Et quo animi assumenda est et animi doloremque reiciendis rerum, distinctio voluptatem error sit rerum. Dolores quisquam rerum natus eos tempora id, unde doloremque aut minima voluptas velit voluptatem recusandae. Sed quis assumenda placeat sit aut explicabo minima nihil ad mollitia laborum officia sunt et. Beatae nobis est aliquam, sit at dolorem atque cumque unde iste et excepturi sed qui. Provident eligendi qui omnis ut, consequatur aliquid consequatur et voluptatibus vitae maiores quos qui nostrum!','1981-02-17 15:06:43','35f60ffb-cdb2-43c2-a09b-150aa7d588d8','469b3ece-744a-45d5-957d-e8c757976496'),('60fb2166-655f-6fa9-4c23-b4512d979a92','Amet voluptatem unde sit possimus sequi laborum unde perspiciatis nisi vitae maxime qui sed est. Et aliquid beatae ut aut atque omnis rerum fuga et reprehenderit quia omnis et deserunt. Suscipit est, officia ullam illo natus et natus quia necessitatibus numquam est error sed corporis. Perspiciatis voluptatem maxime aut at ea magni aliquid eius molestiae dolorum aliquid ut rerum quidem. Consequatur doloremque nesciunt et qui dolor ut tempore dolores explicabo qui ullam cupiditate maxime fugit. Eveniet iste velit iste autem et iste ab vel voluptatem illo quas aperiam enim consectetur. Aut veritatis earum perspiciatis provident saepe illo ut quo at voluptate ut quia ut suscipit. Minima consequuntur porro et quaerat eligendi nemo commodi molestiae aut voluptatem quis sit tempora aut.\r\nPlaceat omnis ea ut, aut sit voluptatem commodi harum ratione perspiciatis nisi unde doloribus voluptas. Sunt architecto dolores, a quisquam reprehenderit quaerat vel ad suscipit facere sed amet possimus accusantium. Delectus consequuntur eos, aut animi autem blanditiis iure officiis dolorum sed iste error eos dolore; laboriosam neque veritatis nam quam est pariatur fugit vel amet quasi omnis rerum saepe deserunt. Error illo qui quo veritatis dolorem temporibus molestias non quae nemo, voluptatum non laudantium quibusdam? Alias magnam odit, omnis veniam corporis quidem ut non ut nihil aut fugit hic ipsa; pariatur esse sunt cumque omnis quidem cupiditate quas quisquam reprehenderit et unde nemo voluptatem dolor? Quaerat perspiciatis, et non aperiam temporibus vero delectus voluptatem est excepturi sed ullam provident et! Sed aut sit sed enim error sit architecto quidem illo ut at voluptatem illum qui. Natus nisi praesentium ab repellat odit alias saepe placeat et unde exercitationem consequuntur dolores modi. Praesentium itaque fugit ut est autem exercitationem laudantium accusantium natus recusandae saepe impedit recusandae error; dolorem cumque sit nihil esse ad fugiat ea facilis dolores veritatis accusantium dicta harum est.\r\nSed omnis maxime, odio ipsam dolore eligendi omnis quo qui eligendi autem ex cum voluptas. Doloribus alias perspiciatis ad quaerat maxime et inventore dolor sit amet ipsum voluptate nam ut. Voluptatem dignissimos et eum dignissimos, voluptatibus adipisci eveniet et provident a velit consequatur ut est; error id maiores aut dolorem tempore illum non asperiores fuga eaque aspernatur suscipit non quasi. Illo facilis nam iusto rerum explicabo atque laudantium nihil earum fuga animi fugit modi architecto; non dolorem quasi qui natus eum voluptate voluptatem natus deleniti et laudantium inventore maxime veniam. Distinctio doloremque molestiae est dignissimos voluptatem commodi omnis unde ut quia sed id sed rem. Aut et voluptas alias, a et voluptate rerum ut tenetur sunt ut veniam voluptas et. Adipisci reprehenderit, veritatis modi quo voluptas ullam eaque non recusandae consequatur sed explicabo iusto alias...','1993-01-14 02:04:05','705d61c4-cc2f-48cc-a532-d2b524ae2040','142cb08f-7c31-21fa-8e90-67245e8b283e'),('62791223-3067-7e01-7c9c-90632a97d71b','Est rerum corporis nihil cum quam omnis sapiente et molestiae omnis deserunt doloremque quidem laboriosam. Sequi aut et ad dolores consequatur recusandae tempore porro nihil magnam nemo omnis qui perspiciatis! Magnam odio quaerat voluptatem magnam, eum sit quo et ut nobis nam facere quia iste; eum officia enim optio nobis voluptatibus saepe qui ea temporibus at dolorem natus earum enim; nisi maiores consequuntur voluptatem ipsum odio perspiciatis sint assumenda commodi eos ipsam laudantium neque sit. Sit qui sunt cupiditate repellat assumenda rerum explicabo qui modi doloribus aut sed nesciunt amet. Rerum est, animi aliquid alias voluptatem tenetur earum tempora sequi voluptatem veritatis dignissimos et ut. Asperiores ut deleniti rerum rem vero impedit voluptatem soluta numquam natus omnis obcaecati ut delectus! Quis atque error eum autem natus et facere maiores error quasi provident quis dolor quidem. Odit cupiditate recusandae rem nobis corporis debitis voluptatem et id vel inventore, architecto inventore odio...','1970-01-01 00:10:39','c6e42113-0c6b-48c4-9f2c-1517e9abe9b5','7686595d-16d5-33b3-0080-e8e2a817c80e'),('64bd38b8-7a09-6af2-ef52-311a04b496f9','Voluptatem quis et est esse officia atque minus beatae eligendi delectus maiores sed qui similique.','1970-01-01 00:01:06','f55a9d62-1f97-49ae-9b59-c94218aafb4a','4577565a-7e3e-493a-74dd-867949feb8b5'),('692d207a-12fe-54e6-6351-12b245ff3d02','Impedit consequatur dicta, quibusdam odio velit eveniet consectetur id unde quia cum quidem autem et. Non sed qui possimus error eum suscipit, culpa minima eveniet id rem nisi magni omnis. Asperiores illum nostrum optio, debitis dolore porro enim architecto et ipsa ut quam natus iste. Sit consectetur asperiores dicta repudiandae ullam non minima et quis ut doloremque laboriosam error delectus. Quis atque et dolores, est rerum at a blanditiis perspiciatis veritatis earum distinctio explicabo veritatis. Delectus ut sed soluta inventore quasi sapiente voluptas blanditiis non perspiciatis ratione rerum in ut. Nostrum numquam fugiat non repellat voluptate laborum eius nemo quam explicabo aperiam ipsum laboriosam porro!\r\nIn ea sint est nihil iste et totam ea exercitationem corporis eum sed quidem nisi. Cum a sit praesentium libero ut, optio et est dolor sunt vel dolorum dolore ea. Nam consequuntur, quidem eligendi dolorum vero facilis itaque enim cum laudantium quia dolor et maxime. Animi vero quibusdam blanditiis ullam et ipsam magni ad vero eos esse cupiditate nostrum iste. Adipisci est consequuntur ut qui, laudantium et repellendus excepturi ex repudiandae sunt consectetur voluptatem ducimus. Corrupti aperiam ducimus officia qui porro quidem nam quaerat magni ipsa, qui est sed est. Autem quaerat ad deleniti nesciunt perferendis dolorum omnis autem culpa vero non assumenda tenetur eum! Id placeat voluptatem, vel nihil est ut repellendus quibusdam aut voluptatem officiis similique quas officiis? Sit omnis, nemo beatae est omnis neque obcaecati itaque animi explicabo aut sunt voluptas quo. Aspernatur aliquam aut doloribus aut rerum veniam accusantium quisquam fugit quos assumenda unde saepe vel; perspiciatis beatae voluptatum voluptate non voluptatem sit tenetur facilis dignissimos modi blanditiis vel nesciunt molestiae. Cumque magni iste id ipsam quaerat ea sit ad repellendus quia perspiciatis molestiae et ea! Cupiditate dolorum, unde quasi sequi eos amet omnis natus ut est nemo repudiandae neque voluptatum.\r\nQui mollitia assumenda, obcaecati sit eaque alias nam sit et excepturi reiciendis obcaecati id nesciunt. Et recusandae eos unde quaerat nobis iste tenetur nisi officiis totam minus earum voluptatem sed. Assumenda voluptatem dolorum enim nobis temporibus et iste veniam eaque omnis sit labore est sit. Aperiam facilis, quisquam molestias dolores sed alias sit ut iste dolorem omnis ut ex numquam! Corporis eaque voluptatem rerum quas et nulla error eos minima vero, quia eum praesentium est. Qui quia neque vitae, doloremque tempora est voluptas reiciendis tempore unde earum explicabo autem consectetur. Sit quae explicabo provident velit nemo consequatur quasi laborum laboriosam modi impedit non suscipit rerum!','1970-01-01 00:00:04','35f60ffb-cdb2-43c2-a09b-150aa7d588d8','17120d02-6ab5-3e43-18cb-66948daf6128'),('6f91bf5c-6c92-7d89-711d-bb3758d4bac0','Qui temporibus quae sit est, laboriosam qui ut ea quod voluptates ut autem ut totam. Vero error commodi consequuntur provident voluptatem sit obcaecati natus quibusdam repudiandae quibusdam et accusantium corporis. Amet incidunt officia asperiores unde molestias vitae ut delectus quia aut aliquam perspiciatis sed minus.\r\nVoluptas nulla voluptatem eius omnis, dolorem consequatur hic beatae voluptatem id quod dolorem quia autem. Laboriosam quia ab quae dicta voluptates sit nesciunt ex laboriosam aut sit facilis eaque qui? Et nam quas magnam voluptatem modi sed consequatur facere velit aliquam ut perspiciatis nemo consequatur. Eveniet est deserunt, at magni consequatur tempore sunt eligendi et expedita mollitia quis vel aut; omnis impedit qui rerum tenetur obcaecati et quia maxime, qui aut earum est omnis corrupti. Minus numquam optio qui cum repudiandae nam quidem libero ut et eveniet sit voluptatem est. Quia in architecto soluta a voluptas rerum est non modi est perferendis non sit aliquid. Quae molestiae quos ad, sed repudiandae aliquam pariatur quia soluta assumenda blanditiis molestias fugiat dolores! Non voluptatem alias fugit dolor necessitatibus laboriosam eos qui dolor sed, minus officia vel voluptatem. Placeat maiores illo odio ipsum distinctio perferendis enim ipsa sed ipsa molestiae est ea atque. Nulla ut saepe molestiae est commodi alias sed soluta aperiam ratione qui minus numquam aspernatur. Similique impedit assumenda placeat sit et alias, delectus et dolores rem inventore excepturi natus cumque! Nulla sapiente id sit nobis laudantium blanditiis aliquam recusandae tempora exercitationem sunt incidunt beatae libero. Natus tempore natus voluptatibus unde quia omnis natus est illum voluptatem odio aliquam ullam voluptatem!\r\nPorro voluptatem illum asperiores sit nemo perspiciatis obcaecati est omnis laborum aspernatur a id nemo. Voluptatem ea itaque est placeat est delectus qui et natus consequatur saepe minima illum est; perferendis laboriosam doloribus harum laboriosam commodi cum nihil error illo est aut magnam sunt corrupti. Possimus sit cupiditate quod suscipit nam et possimus sunt dicta laudantium nesciunt qui in sed. Ut dolor qui sit, voluptas ut iusto ipsum accusantium natus harum mollitia temporibus laudantium omnis. Sed natus iste laboriosam molestiae voluptas corporis unde eum hic eaque et non corporis ut? Ut aliquid dolor minima corporis vel ea labore natus, et aut aspernatur cumque iste qui. Quidem voluptatem amet ut sit sint rerum et unde ut iste eveniet consectetur quis voluptatem. Consectetur dolorem tempora libero unde, quaerat natus asperiores hic ut nisi minus qui error tempora! Repudiandae ad sunt earum omnis consectetur libero qui expedita beatae earum culpa laudantium sunt amet. Dolorem enim a eius ullam unde hic perferendis velit asperiores aut tempora illo rem minima. Non optio, est qui ab nulla numquam ut dolor velit dolorem qui deleniti ab quia! Culpa eos voluptas quod natus ratione velit ut rem, autem quia qui nobis voluptates aut. Qui veniam assumenda unde illum voluptate voluptatem sed fugit qui eos excepturi esse quis voluptatem. Sit et enim accusantium voluptatibus sed eos quibusdam architecto ducimus incidunt id quos quia qui. Est sit autem aliquam molestiae magni vel et ullam fuga consequatur eum ipsum molestiae iste. Dicta harum beatae quo incidunt odio illum qui et voluptatem beatae doloribus quo odio dolorum; autem porro quas culpa officia molestiae tenetur ut est quis est ducimus cum et at. Dolorem non et sed repellendus voluptatem porro tempora vel asperiores perspiciatis quasi velit omnis quas.','1970-01-01 00:57:34','f55a9d62-1f97-49ae-9b59-c94218aafb4a','4e272fc4-7875-78d6-7d32-6a1673ffca7c'),('6fc189b6-5466-39fd-7d9c-90632a97d71b','Laboriosam obcaecati suscipit placeat accusamus molestias error voluptatem dolorem natus nobis culpa rerum dolor dolores. Obcaecati possimus exercitationem sed ut, perferendis mollitia nulla fuga minima quia tenetur nostrum tempora accusantium! Dolorem et autem nulla voluptatem et unde voluptatem recusandae quibusdam laborum aut voluptas et aut. Dolores sed voluptatem ratione, eius tempora quam ad consequuntur ipsam ut natus accusamus sapiente id. Repellendus id amet ab et eligendi cum voluptatem excepturi quo facere sed et recusandae laudantium. Magni ut, sunt labore non voluptas sit ab illum adipisci ullam ut sit est aut.\r\nQuas nulla libero labore est error vero sed quia voluptate qui dolorum qui modi repudiandae.\r\nVel sed aliquid culpa consequatur et ut, exercitationem aliquid qui tempora repudiandae nisi dolorem non. Eos consectetur magni eos incidunt at facere voluptas molestiae quasi ut perspiciatis sed modi asperiores. Explicabo distinctio nihil quas modi explicabo quis velit ipsa error rerum et neque voluptatem ea. Eum voluptatem architecto, suscipit alias sit cumque sunt consequatur sequi delectus rerum aut qui natus. Suscipit totam aut explicabo voluptatem recusandae, error et dolor itaque voluptatibus error amet aliquid iste! Error voluptatem esse sed ratione consequuntur, voluptates quaerat sapiente molestias optio qui perspiciatis est ut. Tempora molestias autem in unde et consequuntur facilis dolorem cum praesentium vel ratione adipisci enim. Quia dignissimos, minus optio nisi inventore accusantium ut suscipit fugit possimus dolorem sit aperiam voluptates. Ad repellendus et sed nihil dolores illum non ipsum ab unde et quae ipsa recusandae. Eius autem repellat sed quis exercitationem voluptatem omnis alias pariatur libero eos molestiae voluptate dolorem; cupiditate delectus sed neque rerum beatae et, omnis quis hic eum doloremque similique nobis ipsam. Minima ullam obcaecati sunt exercitationem dolore et perferendis neque iusto quibusdam necessitatibus neque quia modi. Facere autem beatae et maxime consequatur pariatur harum debitis asperiores voluptatem esse sapiente dolorum debitis! Quidem aperiam amet optio voluptatem aut velit, aliquid omnis in qui suscipit minus qui pariatur. Inventore enim ducimus saepe nobis et ut, ullam ad aliquid quas non quis cum qui! Odit eum omnis ut repellat minima at deserunt tempora optio et, assumenda incidunt repudiandae adipisci? Minima velit ut amet, corrupti a adipisci voluptatem voluptas dolores hic adipisci voluptatem reiciendis laudantium.','2000-10-10 07:22:21','705d61c4-cc2f-48cc-a532-d2b524ae2040','4577565a-7e3e-493a-74dd-867949feb8b5'),('77b3727c-71c0-3b4d-0cca-194e61bec35f','Nobis quam aut laborum molestiae quae vitae qui voluptatum dolore facere nihil dignissimos autem nostrum. Voluptatem ad excepturi accusamus ipsam id vitae numquam aut iste aliquid incidunt aspernatur, soluta blanditiis.\r\nUt est molestiae aliquid odit odio qui quam totam omnis eveniet velit harum omnis iusto. Mollitia quis dolores totam pariatur ex voluptatibus error incidunt et quibusdam sit ipsa voluptatem ut; et autem omnis quas culpa totam corrupti fugiat exercitationem ut omnis quam cumque atque ad. Perspiciatis dolorum sed odit eos labore consequatur at voluptate, aut nobis sed quia minima excepturi.\r\nReiciendis quis nulla, et qui quasi esse molestias omnis eos eum fugiat neque in ad. Et molestiae velit quae accusantium odit distinctio quia aperiam error quibusdam et harum itaque esse. Obcaecati aut omnis sint atque itaque maxime, qui optio iure non maxime unde iste assumenda. Sit quisquam, reprehenderit voluptatibus numquam qui repellat ut qui vero corporis et praesentium provident unde! Magnam voluptatem consequatur quas perspiciatis accusantium sunt nostrum velit itaque qui mollitia nostrum tenetur quia. Et totam officia, esse quae similique et iste in reiciendis exercitationem velit totam culpa sed. Ullam natus iure molestiae aut nostrum ex esse labore similique natus sed iste adipisci voluptate. Nemo qui aut dolor est voluptatem, iste nostrum suscipit expedita sint voluptatem repellat sed est! Impedit voluptas ut consequatur impedit libero quis quo et repellat non fuga aperiam est natus. Modi sed, nisi obcaecati ratione id sapiente atque quas dolorem ratione voluptatem recusandae quis nesciunt! Autem et error vel dolore nihil autem libero eum perspiciatis quo quia est omnis dolore. Nesciunt odit eaque unde explicabo, molestiae iusto reprehenderit perspiciatis architecto accusamus sit in et rerum. Neque consequuntur laboriosam ducimus distinctio autem corrupti quo et laboriosam sed debitis sed dignissimos laboriosam! Vel qui sapiente asperiores officiis sequi, quibusdam fuga et voluptatem quisquam vitae dolorem nostrum alias. Sed magni enim porro expedita animi assumenda in reiciendis aut, necessitatibus ut beatae eius illum.','1974-09-08 16:39:18','705d61c4-cc2f-48cc-a532-d2b524ae2040','2bbbd485-6df2-536a-7e32-6a1673ffca7c'),('77c7d624-6477-5f23-6f1d-bb3758d4bac0','Dolorem non voluptas ut dolore soluta beatae odio cum non, aspernatur inventore sed voluptate nobis. Ut quis dolor magni, commodi aut quas voluptates ipsam quisquam magnam aut pariatur sit sequi. Eius rerum inventore ullam quia voluptate sequi esse voluptatem et perspiciatis libero accusantium nam est!\r\nDicta ratione saepe a porro dolor provident autem vel tenetur consequatur rerum et voluptate ut. Omnis veritatis nostrum quas maxime qui et aperiam doloribus maxime dolorem quos vero similique voluptatem! Omnis molestias, sint consequatur id fugit neque eum atque dolores est optio neque ea a; inventore ut minus commodi et quae iure libero voluptatem quod suscipit dolor non quis nemo. Enim sapiente totam molestiae a reprehenderit est accusamus vero velit, et enim cum dolore minus. Veniam exercitationem quasi voluptas eligendi, nihil ut voluptas eos libero labore dolores reprehenderit et tempore; sed aperiam est aperiam magni non rerum eos omnis qui in quia sit ut labore.','1970-01-01 00:00:08','f55a9d62-1f97-49ae-9b59-c94218aafb4a','142cb08f-7c31-21fa-8e90-67245e8b283e');
/*!40000 ALTER TABLE `blogcomment` ENABLE KEYS */;
UNLOCK TABLES;

--
-- Table structure for table `course`
--

DROP TABLE IF EXISTS `course`;
/*!40101 SET @saved_cs_client     = @@character_set_client */;
/*!50503 SET character_set_client = utf8mb4 */;
CREATE TABLE `course` (
  `id` varchar(45) COLLATE utf8mb3_unicode_ci NOT NULL,
  `teacher_name` varchar(45) COLLATE utf8mb3_unicode_ci NOT NULL DEFAULT '',
  `price` int NOT NULL,
  `duration` varchar(45) COLLATE utf8mb3_unicode_ci DEFAULT NULL,
  `course_description` varchar(255) COLLATE utf8mb3_unicode_ci DEFAULT NULL,
  `course_language` varchar(45) COLLATE utf8mb3_unicode_ci DEFAULT NULL,
  `course_level` varchar(45) COLLATE utf8mb3_unicode_ci DEFAULT NULL,
  `image_url` varchar(255) COLLATE utf8mb3_unicode_ci DEFAULT NULL,
  `title` varchar(255) COLLATE utf8mb3_unicode_ci NOT NULL DEFAULT '',
  `totalView` int DEFAULT '0',
  `created_time` datetime DEFAULT NULL,
  PRIMARY KEY (`id`)
) ENGINE=InnoDB DEFAULT CHARSET=utf8mb3 COLLATE=utf8mb3_unicode_ci;
/*!40101 SET character_set_client = @saved_cs_client */;

--
-- Dumping data for table `course`
--

LOCK TABLES `course` WRITE;
/*!40000 ALTER TABLE `course` DISABLE KEYS */;
INSERT INTO `course` VALUES ('1731fa87-79fd-4cc1-6978-553c0310877a','Tanner Butler',1827,'70h','Deserunt sit et. Officia ut explicabo. Voluptatem eveniet natus! Asperiores minus voluptatem? Tempore natus vitae. Dolores architecto quia; illum nobis?','Vietnamese','Medium','https://files.fullstack.edu.vn/f8-prod/courses/7.png','Officia quod blanditiis modi corrupti.',1181,'1973-02-22 09:21:53'),('185f84ed-4563-51a0-cac7-6c0aeb6ec302','Duong Le ',930,'70h','Voluptatem voluptate tempora. Omnis quia omnis! Quis quaerat quibusdam. Doloremque natus iste. Possimus iste amet. Repellendus repellat est. Vitae!','Bislama','Medium','https://files.fullstack.edu.vn/f8-prod/courses/21/63e1bcbaed1dd.png','Fugit recusandae deleniti repellat.',1006,'1990-07-23 09:17:21'),('19165ed7-212e-21c4-0428-030d4265475f','Vanita Edmonds',294,'70h','Excepturi sed et enim. Placeat numquam voluptatem sed laborum. Assumenda ratione et sed facilis quis? Aut et facere.','Pushto','Hard','https://files.fullstack.edu.vn/f8-prod/courses/15/62f13d2424a47.png','Sit beatae doloremque error maxime.',454,'2006-10-08 09:24:26'),('27366e4a-5248-12e3-e312-ebbbcf065d1c','Cora Pacheco',1547,'90h','Quidem explicabo quia. Nisi porro deleniti. Quia est esse. Quasi corrupti voluptatem! Tempore ullam voluptatibus. Sed sit quo. Quo voluptatem qui. Distinctio.','Azerbaijani','Hard','https://files.fullstack.edu.vn/f8-prod/courses/15/62f13d2424a47.png','Assumenda quia sed voluptas.',584,'2016-09-25 11:22:41'),('2924c34d-68f1-1d0a-c9c7-6c0aeb6ec302','Kathyrn Beatty',1353,'3h','Odio iste placeat dolorem velit esse. Est aliquam ut a? Velit laborum dolor et. Mollitia eaque quos dolorem quia doloribus.','Norwegian','Hard','https://files.fullstack.edu.vn/f8-prod/courses/15/62f13d2424a47.png','Nihil odio et earum.',1905,'1970-01-01 00:31:40'),('3631011e-4559-4ad8-b0ad-cb989f2177da','Kennith Carswell',520,'3h','Libero qui impedit. Repudiandae dolorem natus? Adipisci magnam inventore. Rerum ipsum commodi; obcaecati ullam similique. Eos dolores eveniet. Consequatur.','Aragonese','Hard','https://files.fullstack.edu.vn/f8-prod/courses/27/64e184ee5d7a2.png','At molestias obcaecati fugit.',13,'1970-01-01 00:00:07'),('471530a2-44fe-7395-b1ad-cb989f2177da','Carline Mccall',1501,'24h','Est earum sit ut ullam itaque eligendi.','Marathi','Easy','https://files.fullstack.edu.vn/f8-prod/courses/7.png','Repellat ut temporibus excepturi quas.',492,'2001-05-06 17:03:06'),('4cf2dd43-5f4b-71b6-e212-ebbbcf065d1c','Erasmo Joe',938,'3h','Quis iste pariatur. Magnam qui quia. Inventore nemo sit. Temporibus nemo totam. Culpa soluta consequatur. Et sed sit. Molestiae quibusdam voluptatem; ad.','Oriya','Medium','https://files.fullstack.edu.vn/f8-prod/courses/2.png','Itaque voluptatum eligendi et.',0,'1970-01-01 00:00:01'),('5f7b48e5-16f9-2f2f-ecdc-845b5dcdad45','Rodrick Paulsen',1410,'20h','Dolorem iste ea. Est impedit ut? Culpa quia ratione. Perspiciatis nihil veniam. Vel et error. Laborum qui fugit. At recusandae ut.','Cree','Easy','https://files.fullstack.edu.vn/f8-prod/courses/15/62f13d2424a47.png','Sunt assumenda nemo sit.',1420,'1986-04-14 20:05:55'),('7a0b757e-41eb-4df6-c6f8-494a84b910f4','Cary Benitez',1287,'24h','Temporibus excepturi quas. Expedita qui aut; et voluptas tempora. Nisi molestias neque. Aut magnam officia. Unde aut assumenda. Corrupti sed dignissimos.','Bislama','Hard','https://files.fullstack.edu.vn/f8-prod/courses/15/62f13d2424a47.png','Sed facilis quis omnis ut ab.',9,'1970-01-01 00:00:09');
/*!40000 ALTER TABLE `course` ENABLE KEYS */;
UNLOCK TABLES;

--
-- Table structure for table `coursecomment`
--

DROP TABLE IF EXISTS `coursecomment`;
/*!40101 SET @saved_cs_client     = @@character_set_client */;
/*!50503 SET character_set_client = utf8mb4 */;
CREATE TABLE `coursecomment` (
  `id` varchar(45) CHARACTER SET utf8mb3 COLLATE utf8mb3_unicode_ci NOT NULL,
  `description` varchar(255) CHARACTER SET utf8mb3 COLLATE utf8mb3_unicode_ci DEFAULT NULL,
  `created_date` datetime DEFAULT NULL,
  `id_user` varchar(45) COLLATE utf8mb3_unicode_ci NOT NULL DEFAULT '',
  `id_course` varchar(45) COLLATE utf8mb3_unicode_ci NOT NULL DEFAULT '',
  PRIMARY KEY (`id`),
  KEY `fk_id_user` (`id_user`),
  KEY `fk_id_course` (`id_course`),
  CONSTRAINT `fk_id_course` FOREIGN KEY (`id_course`) REFERENCES `course` (`id`) ON DELETE CASCADE,
  CONSTRAINT `fk_id_user` FOREIGN KEY (`id_user`) REFERENCES `user` (`id`) ON DELETE CASCADE
) ENGINE=InnoDB DEFAULT CHARSET=utf8mb3 COLLATE=utf8mb3_unicode_ci;
/*!40101 SET character_set_client = @saved_cs_client */;

--
-- Dumping data for table `coursecomment`
--

LOCK TABLES `coursecomment` WRITE;
/*!40000 ALTER TABLE `coursecomment` DISABLE KEYS */;
INSERT INTO `coursecomment` VALUES ('1b9a70e0-37b0-709b-a218-75d8bd200d7c','Pariatur cumque labore; aut eius eveniet. Rerum voluptatibus quia...\r\nUnde qui sint. Consectetur voluptatem laudantium. Autem vitae in! Consequatur ipsa et. Nihil voluptatem error; iusto perspiciatis?','1970-01-01 00:57:14','35f60ffb-cdb2-43c2-a09b-150aa7d588d8','7a0b757e-41eb-4df6-c6f8-494a84b910f4'),('26fe1532-7e63-6a11-1a8f-6354f958f4c0','Maiores est unde. Animi harum doloremque. Fugiat hic facere! Sapiente aut minus? Dignissimos est rerum.\r\nSit aut hic; ducimus laboriosam in. Totam impedit et. Nam quasi perferendis! Vitae qui hic.\r\n','2001-01-27 06:14:51','705d61c4-cc2f-48cc-a532-d2b524ae2040','19165ed7-212e-21c4-0428-030d4265475f'),('2b66edd0-4caa-7475-3231-644313fbb055','Nobis aliquam, voluptas ea alias architecto et aut laboriosam laudantium. Facere corporis quia natus delectus temporibus! Qui facilis at. Consequuntur dolore natus. Nam omnis rerum;','1970-01-01 00:10:47','c6e42113-0c6b-48c4-9f2c-1517e9abe9b5','2924c34d-68f1-1d0a-c9c7-6c0aeb6ec302'),('2e72d671-36cd-4949-2ba8-6d513e380bde','Et accusantium cupiditate. Non sit at. Reiciendis in ad? Sit quasi aut...\r\nSit sint voluptas. Illum itaque ab. Saepe sed et...\r\nSint voluptatem unde. Officiis laborum aspernatur. Qui repellat est. Ab alias.','2001-10-18 05:35:13','c6e42113-0c6b-48c4-9f2c-1517e9abe9b5','3631011e-4559-4ad8-b0ad-cb989f2177da'),('35e773ea-5d44-2dda-26a8-6d513e380bde','Harum ut eos. Totam vero iste. Aut atque ullam? Eveniet ut facilis. Sit eos et.\r\nMolestias voluptatem corporis. Et amet quaerat. Facilis qui veritatis. Soluta reiciendis odio! Rerum sit amet.\r\nNihil.','1980-10-28 19:08:25','f55a9d62-1f97-49ae-9b59-c94218aafb4a','3631011e-4559-4ad8-b0ad-cb989f2177da'),('3b4ce82c-1492-6844-3ff3-eb0223d0a4f7','Et quaerat ab. Ut sint debitis. Quae perspiciatis et. Suscipit repellendus deserunt! Sed dolore illo. Sequi porro odit! Dolorem aspernatur error. Harum modi adipisci? Magni et voluptatem.\r\nAt non quis.\r\n','2015-08-14 02:43:28','35f60ffb-cdb2-43c2-a09b-150aa7d588d8','3631011e-4559-4ad8-b0ad-cb989f2177da'),('3f8e6896-4c7d-15f5-a018-75d8bd200d7c','Unde enim sed ipsam eveniet quo aspernatur, ad non nihil. Rerum dolor delectus, voluptatem sed voluptatem maxime beatae et ea.','2004-10-09 02:38:37','35f60ffb-cdb2-43c2-a09b-150aa7d588d8','7a0b757e-41eb-4df6-c6f8-494a84b910f4'),('41c9214e-14cd-5f4a-40f3-eb0223d0a4f7','Maxime adipisci veritatis. Ut voluptatibus quia. Consequatur officiis in. Numquam illo consequuntur. Dolore aut quia! Quae hic similique. Iste aut ut; ea corporis ipsa. Est sit veritatis. Iure...\r\n','1975-12-11 05:12:46','705d61c4-cc2f-48cc-a532-d2b524ae2040','4cf2dd43-5f4b-71b6-e212-ebbbcf065d1c'),('449f4a82-5124-2847-ba63-f389a2b8a695','Nisi non sint error qui natus. Sint sit autem voluptas labore earum...\r\nEt ratione rem delectus iste praesentium. Quibusdam eos iste. Dolor ad vero. Perspiciatis ullam error.','1970-01-01 02:16:16','c6e42113-0c6b-48c4-9f2c-1517e9abe9b5','19165ed7-212e-21c4-0428-030d4265475f'),('45ac3d26-18f2-18a9-3031-644313fbb055','Iste unde culpa voluptatem illum delectus exercitationem nihil; est at omnis dignissimos minima iste sed distinctio. Ipsam consequuntur modi omnis ipsa? Rerum vel omnis maxime unde!','1975-10-26 17:39:19','f55a9d62-1f97-49ae-9b59-c94218aafb4a','471530a2-44fe-7395-b1ad-cb989f2177da'),('4b6b0258-4404-478f-18e6-e5912e63173c','Corporis officiis ex. Nemo libero illo. Perspiciatis eos assumenda. Culpa amet ut? Aut qui corrupti. Libero unde rerum. Eaque impedit aliquid! Cumque aspernatur quia.\r\nOfficiis voluptas aut. Amet.\r\n','2008-07-11 22:46:27','35f60ffb-cdb2-43c2-a09b-150aa7d588d8','1731fa87-79fd-4cc1-6978-553c0310877a'),('4ff476e9-6c05-11e5-2aa8-6d513e380bde','Id dolorum in. Sit perferendis quae. Non nemo excepturi. Illo nisi nam. Aut enim voluptas? Quaerat alias est! Sint eveniet nihil? Fuga provident praesentium...\r\nReprehenderit nam aut. Quia officia non?\r\n','1976-05-28 11:51:50','705d61c4-cc2f-48cc-a532-d2b524ae2040','185f84ed-4563-51a0-cac7-6c0aeb6ec302'),('536fb797-4470-4d28-1b8f-6354f958f4c0','Totam temporibus assumenda. Consequuntur velit fugit. Illum libero eveniet? Quaerat sit nisi. Quod nihil deserunt; officiis possimus facere; architecto obcaecati impedit.\r\nUnde et ea.\r\nObcaecati dolor.','1999-01-16 15:05:34','705d61c4-cc2f-48cc-a532-d2b524ae2040','2924c34d-68f1-1d0a-c9c7-6c0aeb6ec302'),('5546e2d7-52f4-7149-3df3-eb0223d0a4f7','Nulla sunt sit. Aut quisquam illum. Exercitationem sit iure. Ad perspiciatis dolores. Nihil est veniam.\r\nAccusamus error veritatis.\r\nCupiditate earum quaerat; soluta provident omnis. Natus ipsam natus.','1970-01-01 00:00:31','f55a9d62-1f97-49ae-9b59-c94218aafb4a','5f7b48e5-16f9-2f2f-ecdc-845b5dcdad45'),('568a5edf-15bc-7a5c-3ef3-eb0223d0a4f7','Tempora consectetur et. Unde ut vel. Neque aut qui. Velit ut rerum. Consequatur explicabo saepe? Minima non saepe.\r\nUt voluptates magnam. Autem nihil error. Aliquam maxime et? Aperiam aliquid in! Illo.\r\n','1991-10-12 05:45:41','c6e42113-0c6b-48c4-9f2c-1517e9abe9b5','471530a2-44fe-7395-b1ad-cb989f2177da'),('5cbc2c4b-7d51-59ae-bb63-f389a2b8a695','Fuga minima modi animi beatae ratione unde sit exercitationem omnis.','2003-09-12 09:07:46','35f60ffb-cdb2-43c2-a09b-150aa7d588d8','4cf2dd43-5f4b-71b6-e212-ebbbcf065d1c'),('647a538e-630d-39cd-0144-e5a214c15aa7','Quaerat accusantium enim. Velit quae sit. Eos ipsam non! Dolorem illo rerum.\r\nEligendi voluptas blanditiis. Dolorum libero blanditiis. Qui accusamus provident; inventore voluptas minima. Doloremque!\r\n','2015-02-18 11:01:04','705d61c4-cc2f-48cc-a532-d2b524ae2040','7a0b757e-41eb-4df6-c6f8-494a84b910f4'),('6571ec67-6ece-3667-b963-f389a2b8a695','Nam sed natus. Fuga ducimus earum. Omnis cum magnam. Quia consequatur magnam. Corporis beatae fugiat. Mollitia vel voluptatem.\r\nPerspiciatis nemo ea. Consequuntur iure et. Necessitatibus vel aut. Quis.\r\n','1987-11-10 12:17:05','f55a9d62-1f97-49ae-9b59-c94218aafb4a','2924c34d-68f1-1d0a-c9c7-6c0aeb6ec302'),('676a9ab6-33e3-4094-28a8-6d513e380bde','Aut ut quo. Doloribus officiis placeat. Qui obcaecati provident. Explicabo sit atque. Et ipsam alias. Quo fuga error. Recusandae est omnis! Molestiae blanditiis qui. Iure perspiciatis obcaecati.\r\n','1970-01-01 00:00:14','f55a9d62-1f97-49ae-9b59-c94218aafb4a','27366e4a-5248-12e3-e312-ebbbcf065d1c'),('6f45e010-3200-5943-27a8-6d513e380bde','Minima ut debitis. Sunt quidem eum; est repellendus ut. Tenetur voluptate commodi. Eum velit laboriosam; voluptatem quibusdam odit. Saepe unde modi. Sit rerum reprehenderit. Perspiciatis provident.\r\n','1970-01-01 00:15:15','35f60ffb-cdb2-43c2-a09b-150aa7d588d8','2924c34d-68f1-1d0a-c9c7-6c0aeb6ec302'),('75cce5a6-4f7f-3671-3cf3-eb0223d0a4f7','Aut voluptatibus adipisci. Nihil autem consequatur; et assumenda voluptatem. Quis omnis sapiente. Consectetur voluptatem obcaecati. Sed similique dicta. Praesentium rem aut. Vel eaque voluptatem. Beatae.','1970-01-01 00:09:27','705d61c4-cc2f-48cc-a532-d2b524ae2040','2924c34d-68f1-1d0a-c9c7-6c0aeb6ec302'),('78aafe4a-67a7-2076-3bf3-eb0223d0a4f7','Sed ea tempora voluptate sit corporis quo, voluptatem perspiciatis dolorem.','1976-06-05 08:00:33','c6e42113-0c6b-48c4-9f2c-1517e9abe9b5','1731fa87-79fd-4cc1-6978-553c0310877a'),('7c3f0380-7e8c-6885-19e6-e5912e63173c','Iusto veniam in. Et quia ipsam. Saepe id ut! Quod debitis voluptatum. Quia unde sed. Qui dolores aut.\r\nVoluptas iste nobis. Amet laudantium quae. Et debitis sunt; dicta aut qui. Enim voluptatem adipisci!','2022-10-24 15:17:52','c6e42113-0c6b-48c4-9f2c-1517e9abe9b5','5f7b48e5-16f9-2f2f-ecdc-845b5dcdad45'),('7c48a057-3c21-3db0-06a4-60fcae00630c','Natus qui sed. Tempora voluptas ea. Et at aut. Unde minus recusandae. Ut facilis iste. Sed voluptatem nulla. Dolor similique non. Rerum sed odio! Eos qui omnis? Voluptatem eius facilis.\r\nNumquam ipsam.\r\n','2004-06-25 18:47:10','705d61c4-cc2f-48cc-a532-d2b524ae2040','471530a2-44fe-7395-b1ad-cb989f2177da'),('7c4f14d8-66fb-14ae-198f-6354f958f4c0','Voluptatum unde deleniti; rerum atque aliquam. Maxime quidem eum.\r\nDelectus consequatur non. Voluptas ipsam distinctio? Voluptatem reprehenderit maxime. Est sed alias. Nisi quia dolor! Nostrum.','2020-02-17 18:11:18','f55a9d62-1f97-49ae-9b59-c94218aafb4a','3631011e-4559-4ad8-b0ad-cb989f2177da'),('7d818150-38c7-4e7c-ae9b-4a978b526c2d','hom nay em thi ne anh','2024-01-04 00:00:00','705d61c4-cc2f-48cc-a532-d2b524ae2040','185f84ed-4563-51a0-cac7-6c0aeb6ec302');
/*!40000 ALTER TABLE `coursecomment` ENABLE KEYS */;
UNLOCK TABLES;

--
-- Table structure for table `enrolled_course`
--

DROP TABLE IF EXISTS `enrolled_course`;
/*!40101 SET @saved_cs_client     = @@character_set_client */;
/*!50503 SET character_set_client = utf8mb4 */;
CREATE TABLE `enrolled_course` (
  `id` varchar(45) COLLATE utf8mb3_unicode_ci NOT NULL,
  `id_user` varchar(45) COLLATE utf8mb3_unicode_ci NOT NULL DEFAULT '',
  `id_course` varchar(45) COLLATE utf8mb3_unicode_ci NOT NULL DEFAULT '',
  `sub_date` datetime DEFAULT NULL,
  PRIMARY KEY (`id`),
  KEY `id_course69_idx` (`id_course`),
  KEY `id_user69` (`id_user`),
  CONSTRAINT `id_course69` FOREIGN KEY (`id_course`) REFERENCES `course` (`id`) ON DELETE CASCADE,
  CONSTRAINT `id_user69` FOREIGN KEY (`id_user`) REFERENCES `user` (`id`) ON DELETE CASCADE
) ENGINE=InnoDB DEFAULT CHARSET=utf8mb3 COLLATE=utf8mb3_unicode_ci;
/*!40101 SET character_set_client = @saved_cs_client */;

--
-- Dumping data for table `enrolled_course`
--

LOCK TABLES `enrolled_course` WRITE;
/*!40000 ALTER TABLE `enrolled_course` DISABLE KEYS */;
INSERT INTO `enrolled_course` VALUES ('11643064-22fb-7e14-1399-04b3a3d51ef2','705d61c4-cc2f-48cc-a532-d2b524ae2040','19165ed7-212e-21c4-0428-030d4265475f','2019-12-30 08:01:16'),('15b4ab0a-3b8f-6f6f-2a8f-4d82f3a13455','c6e42113-0c6b-48c4-9f2c-1517e9abe9b5','2924c34d-68f1-1d0a-c9c7-6c0aeb6ec302','1970-01-01 00:00:01'),('15f0f2b5-5e6d-6d8a-df78-cf6d4dd5c4a3','c6e42113-0c6b-48c4-9f2c-1517e9abe9b5','5f7b48e5-16f9-2f2f-ecdc-845b5dcdad45','1970-01-01 00:00:52'),('15f49a4f-6117-2234-1544-cfd00e0a9b3b','35f60ffb-cdb2-43c2-a09b-150aa7d588d8','185f84ed-4563-51a0-cac7-6c0aeb6ec302','1979-01-20 03:38:09'),('1fbd2a97-c675-42c6-8a34-fda359a1952a','2d1caee2-a4bc-4a50-a9d8-a07aa36d4650','1731fa87-79fd-4cc1-6978-553c0310877a','2024-01-04 00:00:00'),('30d623f2-31cf-5d4c-f7c3-4d1f326d5ebd','35f60ffb-cdb2-43c2-a09b-150aa7d588d8','19165ed7-212e-21c4-0428-030d4265475f','1970-01-01 00:00:04'),('33c6f0f4-3591-2c8e-1244-cfd00e0a9b3b','35f60ffb-cdb2-43c2-a09b-150aa7d588d8','7a0b757e-41eb-4df6-c6f8-494a84b910f4','1999-10-02 23:20:52'),('3d1c5555-3e10-56cf-2b8f-4d82f3a13455','f55a9d62-1f97-49ae-9b59-c94218aafb4a','19165ed7-212e-21c4-0428-030d4265475f','2014-08-28 07:01:38'),('3f32270e-9c5a-42fc-874a-6c1aa186c7b4','2a88fd1e-9734-484e-b793-3c1496d686f2','19165ed7-212e-21c4-0428-030d4265475f','2024-01-02 00:00:00'),('4715a96a-6e8c-2acb-1499-04b3a3d51ef2','705d61c4-cc2f-48cc-a532-d2b524ae2040','2924c34d-68f1-1d0a-c9c7-6c0aeb6ec302','2023-10-04 10:42:49'),('4a0e751e-750e-45c3-de78-cf6d4dd5c4a3','c6e42113-0c6b-48c4-9f2c-1517e9abe9b5','5f7b48e5-16f9-2f2f-ecdc-845b5dcdad45','1970-01-01 00:00:06'),('4b635464-5ee2-2a80-f103-13a65cc92c97','705d61c4-cc2f-48cc-a532-d2b524ae2040','1731fa87-79fd-4cc1-6978-553c0310877a','2019-05-05 16:52:46'),('4e3e50b0-55de-5c2f-2d8f-4d82f3a13455','f55a9d62-1f97-49ae-9b59-c94218aafb4a','1731fa87-79fd-4cc1-6978-553c0310877a','1970-01-01 00:00:38'),('4e53ab23-4fbb-7431-fe4d-8601bf3d85d8','f55a9d62-1f97-49ae-9b59-c94218aafb4a','185f84ed-4563-51a0-cac7-6c0aeb6ec302','2017-02-28 18:13:17'),('5ada22d3-3248-6596-6e1a-bb545470e80c','c6e42113-0c6b-48c4-9f2c-1517e9abe9b5','185f84ed-4563-51a0-cac7-6c0aeb6ec302','2008-05-19 15:01:42'),('5bfe5648-65c2-7d1a-f203-13a65cc92c97','35f60ffb-cdb2-43c2-a09b-150aa7d588d8','471530a2-44fe-7395-b1ad-cb989f2177da','1981-04-27 01:43:50'),('5e272913-6cff-509f-d8b8-94f47731937d','705d61c4-cc2f-48cc-a532-d2b524ae2040','3631011e-4559-4ad8-b0ad-cb989f2177da','2007-10-11 06:57:17'),('5e6695e2-5aad-3241-6c1a-bb545470e80c','35f60ffb-cdb2-43c2-a09b-150aa7d588d8','27366e4a-5248-12e3-e312-ebbbcf065d1c','1980-12-10 23:56:04'),('5fb15dca-cd91-486e-ae33-0984e5b212fb','c9536ed3-283b-4319-ac25-af308b93ab4a','2924c34d-68f1-1d0a-c9c7-6c0aeb6ec302','2024-01-02 00:00:00'),('60e226cb-63fb-4363-fc4d-8601bf3d85d8','35f60ffb-cdb2-43c2-a09b-150aa7d588d8','1731fa87-79fd-4cc1-6978-553c0310877a','2016-06-21 14:03:31'),('6207a9a7-3bf9-7288-8565-390639088226','705d61c4-cc2f-48cc-a532-d2b524ae2040','27366e4a-5248-12e3-e312-ebbbcf065d1c','1970-01-01 00:01:22'),('694c75bd-3b3d-2034-6f1a-bb545470e80c','c6e42113-0c6b-48c4-9f2c-1517e9abe9b5','2924c34d-68f1-1d0a-c9c7-6c0aeb6ec302','1970-01-01 00:00:10'),('697be7ba-1738-6adf-298f-4d82f3a13455','35f60ffb-cdb2-43c2-a09b-150aa7d588d8','4cf2dd43-5f4b-71b6-e212-ebbbcf065d1c','1970-01-01 00:00:04'),('6d81a322-63f0-7270-6d1a-bb545470e80c','f55a9d62-1f97-49ae-9b59-c94218aafb4a','19165ed7-212e-21c4-0428-030d4265475f','2011-08-03 14:42:53'),('6ed2e962-178c-712c-fd4d-8601bf3d85d8','705d61c4-cc2f-48cc-a532-d2b524ae2040','19165ed7-212e-21c4-0428-030d4265475f','1997-10-19 04:25:09'),('749718aa-2270-77cc-1444-cfd00e0a9b3b','f55a9d62-1f97-49ae-9b59-c94218aafb4a','3631011e-4559-4ad8-b0ad-cb989f2177da','2009-10-11 22:05:47'),('75de26bb-5a5c-467f-2c8f-4d82f3a13455','c6e42113-0c6b-48c4-9f2c-1517e9abe9b5','27366e4a-5248-12e3-e312-ebbbcf065d1c','1970-01-01 01:33:42'),('76598eb0-20b1-664e-8665-390639088226','705d61c4-cc2f-48cc-a532-d2b524ae2040','4cf2dd43-5f4b-71b6-e212-ebbbcf065d1c','1975-08-27 19:31:55'),('7ac8b8cf-6a0d-6fa3-d9b8-94f47731937d','f55a9d62-1f97-49ae-9b59-c94218aafb4a','2924c34d-68f1-1d0a-c9c7-6c0aeb6ec302','2014-11-14 22:38:28'),('7de0e887-6ace-4435-1344-cfd00e0a9b3b','35f60ffb-cdb2-43c2-a09b-150aa7d588d8','19165ed7-212e-21c4-0428-030d4265475f','2017-04-14 13:16:53'),('8461488e-aefc-4ba8-9be7-cfab96d9c20c','2a88fd1e-9734-484e-b793-3c1496d686f2','185f84ed-4563-51a0-cac7-6c0aeb6ec302','2024-01-02 00:00:00'),('9d1596dd-bce4-4bcd-9598-a9012f7d7495','2d1caee2-a4bc-4a50-a9d8-a07aa36d4650','1731fa87-79fd-4cc1-6978-553c0310877a','2024-01-04 00:00:00'),('a254c87c-6b6b-45b7-ba1a-b627475ad31f','72145b6f-8b54-4dff-9c57-21bcc56e5d98','1731fa87-79fd-4cc1-6978-553c0310877a','2024-01-04 00:00:00'),('ac6aa4eb-85d7-442a-8ff4-0f5b9d2d10bf','03205ddc-0dcf-46ba-95d0-cd295e36ca9f','1731fa87-79fd-4cc1-6978-553c0310877a','2024-01-04 00:00:00'),('bccf98a7-be80-4251-8fbd-1d1e001f3532','c9536ed3-283b-4319-ac25-af308b93ab4a','185f84ed-4563-51a0-cac7-6c0aeb6ec302','2024-01-02 00:00:00'),('d498e4fa-91a8-4040-942d-cd0a7975a45f','705d61c4-cc2f-48cc-a532-d2b524ae2040','185f84ed-4563-51a0-cac7-6c0aeb6ec302','2024-01-04 00:00:00'),('d86e02f9-b5ad-435e-b088-bf4814bc24ca','2a88fd1e-9734-484e-b793-3c1496d686f2','1731fa87-79fd-4cc1-6978-553c0310877a','2024-01-02 00:00:00'),('ec67b6bd-93b0-4ad4-8fdb-739ddee2a603','ab69a1a5-3a1d-43c6-a470-1666c4174b9e','185f84ed-4563-51a0-cac7-6c0aeb6ec302','2024-01-04 00:00:00');
/*!40000 ALTER TABLE `enrolled_course` ENABLE KEYS */;
UNLOCK TABLES;

--
-- Table structure for table `lesson`
--

DROP TABLE IF EXISTS `lesson`;
/*!40101 SET @saved_cs_client     = @@character_set_client */;
/*!50503 SET character_set_client = utf8mb4 */;
CREATE TABLE `lesson` (
  `lesson_id` varchar(45) CHARACTER SET utf8mb3 COLLATE utf8mb3_unicode_ci NOT NULL DEFAULT '',
  `name` varchar(50) CHARACTER SET utf8mb3 COLLATE utf8mb3_unicode_ci NOT NULL DEFAULT '',
  `video_url` varchar(255) CHARACTER SET utf8mb3 COLLATE utf8mb3_unicode_ci DEFAULT NULL,
  `description` text CHARACTER SET utf8mb3 COLLATE utf8mb3_unicode_ci,
  `lesson_part_id` varchar(45) CHARACTER SET utf8mb3 COLLATE utf8mb3_unicode_ci NOT NULL DEFAULT '',
  `created_time` datetime DEFAULT CURRENT_TIMESTAMP,
  PRIMARY KEY (`lesson_id`),
  KEY `FK_lesson_lesson_part_id` (`lesson_part_id`),
  CONSTRAINT `FK_lesson_lesson_part_id` FOREIGN KEY (`lesson_part_id`) REFERENCES `lessonpart` (`lesson_part_id`) ON DELETE CASCADE
) ENGINE=InnoDB DEFAULT CHARSET=utf8mb4 COLLATE=utf8mb4_0900_ai_ci;
/*!40101 SET character_set_client = @saved_cs_client */;

--
-- Dumping data for table `lesson`
--

LOCK TABLES `lesson` WRITE;
/*!40000 ALTER TABLE `lesson` DISABLE KEYS */;
INSERT INTO `lesson` VALUES ('114b715b-430f-74cd-d5c6-21b180c0988f','Ut fugit qui accusantium ut numquam.','video-e353724c-c316-47b0-977f-97bd9d44aec8-708340527.mp4','Veniam sit iusto expedita unde ipsum sed veritatis illum et omnis neque dolorum veritatis aut. Sit aperiam nemo dignissimos reiciendis dolor et temporibus officia velit officia sit dolorem architecto harum! Animi omnis id est ut culpa at minima error officia, iste modi ut id doloremque. Omnis et quasi a expedita magnam perspiciatis enim porro voluptatem corporis quos eius quisquam culpa. Quia error quis et, officiis in unde voluptatem quos similique provident corporis dolore qui ut; quas laboriosam quis recusandae voluptas similique laboriosam aut omnis animi aspernatur dolorem et error quibusdam. Quidem earum voluptates aut expedita commodi recusandae, tempora quia ab eaque omnis maxime et unde. Quod quidem eum sint facilis quibusdam nesciunt optio, neque necessitatibus et beatae omnis sunt dolor! Et cum id et optio qui incidunt architecto molestiae vel reprehenderit sint dignissimos minima est. Non ut iste ut fugit sunt et quaerat consequatur quia quo fuga similique saepe natus; quos quisquam fugit, ea quibusdam hic vitae mollitia error consequatur atque sint sed sint non. Pariatur eveniet recusandae placeat voluptates dolore a, ut accusamus tenetur unde consectetur sed perspiciatis unde. Odio cumque expedita doloribus sequi sint quo et adipisci tempora nisi sunt sed magnam dicta. Et molestiae quas omnis blanditiis magnam omnis dolore ratione rerum qui molestiae et omnis ut. Amet dolorum unde, quidem eligendi consectetur cum sunt illo cupiditate dolore et optio ut sed! Adipisci dignissimos, numquam omnis et vitae ut debitis cum rerum error et veniam consequatur quos.\r\nTemporibus eligendi aut iste voluptatem sit dolores, rem ut corporis eligendi molestiae et ex ab. Neque laborum magni veniam voluptatem quos natus optio voluptate nemo unde non laudantium rem officiis; vero dignissimos corporis, provident accusantium amet sit molestias et labore voluptates iste quo error vitae; error qui dolorum, sunt autem corrupti voluptatem amet maiores explicabo ducimus error magnam animi iste. Sit nostrum cupiditate ab inventore esse enim fugiat omnis quaerat, recusandae est voluptas ab deserunt. Excepturi explicabo laboriosam molestiae nisi fugit libero et non animi omnis aut magni omnis quos. Quia sit culpa ut reiciendis omnis et amet obcaecati et repellat enim unde voluptatem quos. Ipsa laudantium, aut nemo blanditiis unde quas quos sed dolores ut mollitia quae eos omnis. Illum voluptas, unde omnis rerum vero molestias labore porro quaerat sunt iste laborum ut in. Id nisi est, nostrum voluptatem iste consectetur qui quisquam nisi natus fugiat quam placeat sed! Aut reiciendis, dolor velit molestiae beatae ipsa reprehenderit omnis recusandae explicabo eius vel et dolores. Rerum non veniam dignissimos rerum unde asperiores quis voluptatem dolorem illo fuga adipisci accusamus quisquam. Ipsa veniam quo harum, voluptates animi natus iure error aspernatur maiores sit ut natus ea. Modi itaque et aliquam nisi deserunt eaque odio quia quo illum qui suscipit tenetur illum! Culpa iste quae mollitia adipisci perferendis, et sunt fuga ipsa quos natus nam impedit numquam.','191b53ff-4a53-52aa-6641-16298a76bb64','1972-03-31 08:12:53'),('1242d680-4f02-3bbb-9d66-a58ab8ff47ca','Harum et rem.','video-e353724c-c316-47b0-977f-97bd9d44aec8-708340527.mp4','Quia quo, possimus ut iusto possimus ducimus dolores perspiciatis consequuntur sunt veniam commodi illum quibusdam. Et illum omnis non voluptatem vitae vel amet voluptatem sit tempore adipisci quia perspiciatis fuga. Omnis numquam aspernatur et voluptatibus reprehenderit rem quod beatae architecto aspernatur asperiores unde qui explicabo! Nemo necessitatibus dolorem nulla et in nihil aut enim recusandae eos ut sit laudantium neque. Enim et repellendus iste, sed id fugit maiores assumenda veniam unde molestiae quis iste laudantium. Laboriosam fugiat aliquam atque totam ab expedita omnis sequi est explicabo quod atque inventore voluptatem.\r\nSoluta sunt deleniti temporibus magni sed iusto optio corrupti placeat aut ipsum et repudiandae rerum. Maxime ut maxime error aut enim maxime quis et amet perspiciatis molestias unde voluptatem aliquam? Maxime dolorem numquam, et voluptatem aut ut natus id excepturi quia et dolorem quis quae. Dolorem excepturi voluptatem dolore est eligendi et, vitae ut rerum ut magnam ipsum voluptates voluptas. Eum ex voluptatem accusantium rem nihil ducimus beatae provident natus voluptatem dolor et rerum tenetur. Nihil ex dolores perspiciatis consectetur unde autem soluta odio iusto quidem sint odit voluptatem temporibus. Placeat totam tenetur voluptas ut quam in ipsum adipisci architecto eius culpa dolor nihil illo. Accusantium fugiat, error aspernatur consequatur necessitatibus fuga ullam enim quisquam sunt vero omnis esse obcaecati; non ut numquam ipsum inventore labore facere rerum dignissimos officiis dicta aliquam distinctio illo nobis. Ipsum voluptatem aspernatur ipsum earum iusto commodi totam sequi quaerat sit recusandae dolores magni ab. Suscipit dolores culpa, molestiae ut molestiae sit perspiciatis assumenda et quam perspiciatis ut porro iure.\r\nIn ad consequatur inventore quisquam sunt, corrupti laboriosam ullam sapiente officiis at eveniet aperiam odit; perspiciatis veritatis natus fugiat dolores ut tempore qui doloribus praesentium et eveniet eos perspiciatis cupiditate; veritatis voluptas minima, explicabo dignissimos dolor quibusdam aut ut excepturi voluptatibus perspiciatis omnis asperiores sit? Necessitatibus aliquid quasi vitae ut sequi labore, nisi deleniti blanditiis explicabo nam unde sed quam. Et non suscipit aliquam error hic quae doloribus quia rem quibusdam debitis nemo velit omnis. Nam provident aut rem quibusdam beatae totam earum sit hic quasi inventore asperiores omnis ullam! Iusto facilis quia maiores tenetur rem sed ratione pariatur in itaque reiciendis voluptas quia quasi.','191b53ff-4a53-52aa-6641-16298a76bb64','1982-12-12 22:13:40'),('13a507d0-342d-6292-6de3-2ceaa9cf3765','Reprehenderit voluptas vel pariatur.','video-ccdbefbb-706d-45bd-9da8-1099349b14c0-742273044.mp4','Ex ipsum voluptatem molestiae illum architecto dolorem, laborum dignissimos natus quaerat animi natus dolore aliquam. Sequi blanditiis unde rem aut qui aliquam voluptas ut vitae voluptatum facere maxime vel voluptate. Dolorem voluptates, quo nisi sit qui porro praesentium itaque ut laborum sit in ut inventore. Et quia unde quas eius est dolorem, ab nam vel est autem consequuntur maxime iste.','3e39129b-279f-623f-88ea-778aee59fea3','1987-08-19 10:53:26'),('193ee03f-15cd-70e7-bd7b-a3ff9b28ff75','Beatae recusandae veniam nostrum.','video-ccdbefbb-706d-45bd-9da8-1099349b14c0-742273044.mp4','Unde vero blanditiis voluptatum et labore ut quae ut, voluptatum est nesciunt aut voluptas voluptatem. Sed natus tempore rerum ratione iste deserunt cumque minus fugit autem velit eos sed obcaecati. Non voluptas amet sed itaque est quis fugit et ut dolores sunt itaque sint omnis! Sed eos, suscipit consequatur rerum quasi distinctio ipsum modi perspiciatis aperiam enim expedita non omnis. Ipsam error tempora minus quos aspernatur, omnis et ut voluptatem debitis amet et magnam voluptatem. Harum delectus et sed eaque ipsam aut sed nihil amet beatae pariatur perspiciatis ducimus sit. Sed facilis ea est totam sit ab esse labore est harum id quidem voluptas voluptatem. Est dolorem perspiciatis quas, harum id voluptas maxime beatae libero in non amet culpa explicabo. Ipsam id ut unde numquam deleniti deserunt est quia nesciunt earum magnam sit qui consequuntur. Sed ducimus voluptas asperiores, et ut qui inventore ipsam illo quae magnam in eos et. Incidunt qui aliquam inventore maiores eveniet magnam suscipit fugit amet porro veniam ad omnis iste! Soluta illo omnis nulla debitis et natus sed tempore facere ipsam corrupti non illum omnis? Perferendis similique, molestiae quo unde voluptatem veniam totam nulla qui voluptatibus quaerat non ab incidunt. Quam ut beatae perspiciatis beatae aspernatur sint id est quod nemo asperiores iste voluptatem perferendis. Qui non enim quia qui impedit expedita ea non voluptatem ea omnis non unde quibusdam. Aliquid adipisci vel laudantium omnis perferendis maiores corporis reprehenderit minus ut perspiciatis laboriosam vitae aut. Perferendis qui fugiat error a sit reprehenderit voluptatem sed perferendis rem omnis voluptatum quidem vitae? Et consequatur id velit natus omnis illum omnis qui quia est totam consequuntur quos voluptas! Soluta voluptatem tempora reiciendis omnis ut ex enim quia unde molestiae quaerat velit voluptate quis.','5d571807-5b04-119e-3807-70859f4ff30d','1970-01-01 02:07:36'),('1949dae3-4d44-217e-9c66-a58ab8ff47ca','Voluptas similique doloribus unde.','video-ccdbefbb-706d-45bd-9da8-1099349b14c0-742273044.mp4','Quis perspiciatis quaerat sit beatae rem deserunt omnis facere sint recusandae error minima est delectus; earum aut molestiae est, enim saepe nostrum aliquid est commodi molestiae et corporis necessitatibus eum. Velit rem et commodi similique asperiores nemo ducimus sint doloremque error deserunt blanditiis est odio. Omnis et commodi et nihil ut magnam labore omnis doloremque eaque assumenda eos aperiam ut.\r\nVoluptas optio voluptatem blanditiis rerum quos, modi accusamus ducimus sunt veritatis facere omnis commodi et. Nihil explicabo, sunt quia sequi ipsam enim deserunt sunt culpa eligendi voluptatem voluptatibus ad numquam. Dolorum aliquid nesciunt maxime omnis accusantium consequatur qui natus neque possimus tempora officiis perspiciatis sed. Sit iste eos minima quia nulla aspernatur dolor at ad officiis perspiciatis aspernatur inventore illo! Qui nihil quia ut sit enim magni unde aut libero voluptatem nostrum eum ut autem.','67ac0252-58aa-72c8-4ef6-9777a5de214b','1988-06-26 15:33:48'),('1f60e54f-196f-45f3-5498-ae38c5379e4b','Deleniti molestiae aut aliquid nobis.','video-ccdbefbb-706d-45bd-9da8-1099349b14c0-742273044.mp4','Sed eum maxime non tempora velit qui sunt iusto non eaque rerum aliquam laudantium velit. Et perspiciatis, iste exercitationem quod consequatur molestiae omnis nemo perferendis et velit fugit asperiores voluptas. Unde autem, odit minus qui quia quos quia ut error omnis molestiae possimus at dolores. Doloribus ab voluptatem, sit et rem enim sit quia sit amet itaque doloremque ut numquam. Quia sed non necessitatibus itaque dolores adipisci ut expedita optio ut illo consequatur cum perspiciatis; itaque unde et, repellat autem ut accusamus placeat pariatur quia doloremque omnis perferendis dignissimos assumenda? Alias omnis beatae, tempore velit tenetur atque praesentium qui sit consequuntur officia commodi cupiditate provident. Possimus quo officiis sed qui fugit, nisi similique sint delectus perferendis eaque consequatur autem cumque; qui error sunt ab dolore incidunt facilis saepe rem sit velit nihil nesciunt amet ullam.\r\nBeatae recusandae sit vel, atque quia voluptatem quia aut repudiandae eligendi dolores nulla beatae molestiae; sapiente sit officia asperiores aut, ab aliquam id quod repellat sed quisquam voluptatum sed aut.\r\nDistinctio quibusdam perspiciatis repudiandae natus reprehenderit odit aspernatur adipisci exercitationem veritatis enim id dicta dolorum; voluptatem optio, sit in consequatur totam omnis ut nam magnam modi et explicabo debitis sint. Omnis et soluta error molestiae molestias ex veritatis quos dolor temporibus animi iusto omnis veniam. Eaque velit quibusdam voluptatem, unde deserunt dolorum magni qui maxime error voluptatem et minus ad; accusamus harum iusto accusamus modi suscipit ipsa id quam rem ut fugiat doloremque dolor illum. Eaque autem sapiente nulla delectus eius perspiciatis eaque minima enim esse ex ut unde eveniet! Eaque dolor iusto dolorum aliquid eos ratione consequatur at porro ratione recusandae placeat tenetur ut...','2f26fe39-4c98-690e-a235-f63bd3f197bd','1970-01-01 00:00:02'),('234be17d-3820-7daa-5698-ae38c5379e4b','Voluptatem inventore nulla quas nemo.','video-e353724c-c316-47b0-977f-97bd9d44aec8-708340527.mp4','Error ab consequuntur cupiditate, quo maiores ea sit sapiente omnis minus quia earum voluptatem unde. Cumque omnis aspernatur suscipit perspiciatis qui consequuntur sequi fuga ratione dicta expedita voluptatem nam sint. Nobis corporis, in dolor aut et molestiae sed vero sed aspernatur cum quis eum libero? Iusto voluptatem sit officia sapiente et, aut et sit perspiciatis molestias quibusdam magnam accusamus enim! Ratione ut rem et architecto quia porro quia sint autem impedit quos error tenetur fugiat. Tenetur sapiente, commodi odio sit illo omnis soluta est voluptatibus labore similique temporibus eos quis. Accusamus suscipit id, molestiae enim quis quia nemo itaque qui voluptatem fuga enim necessitatibus libero! Aspernatur iusto eos consequatur et nobis nemo et similique, error ut provident aut aspernatur voluptas. Doloribus esse rerum neque saepe totam quod sit impedit ad quia repellat suscipit enim expedita. Unde praesentium eligendi aliquid non explicabo aperiam et deserunt vel sed quis officiis odio est. Iste laboriosam rem error tempora ut error enim nam aut enim est saepe totam porro. Omnis suscipit voluptas velit, et quia voluptatem quia id est sunt cum perspiciatis dolore quas. Voluptas quasi, et incidunt dolorem quaerat dolor quia exercitationem quia dolore aut qui itaque consectetur; odit architecto autem quo ex perspiciatis sit voluptatum maxime quis voluptas reiciendis saepe et magnam. Mollitia blanditiis quaerat amet error magnam mollitia quo earum fugiat voluptatem sint non sint unde; vel itaque ut, quidem quasi quaerat repellendus molestias debitis omnis unde sit saepe quidem exercitationem.','11131843-6f2a-7a2b-5052-ee3684e78c27','1970-01-01 00:09:49'),('24b8283e-35c3-4fc4-73e3-2ceaa9cf3765','Nam vel est autem consequuntur maxime.','video-ccdbefbb-706d-45bd-9da8-1099349b14c0-742273044.mp4','Minus eum fuga perspiciatis sint numquam est quia facere nam aliquid natus et ut est. Quaerat eveniet minima perspiciatis, dolor eum voluptatum et quis error adipisci culpa laborum facilis est! Velit laboriosam sit illo accusantium iure perspiciatis porro saepe omnis sapiente quis dolorem in laboriosam. Sed veritatis consequatur laboriosam temporibus facilis inventore quia voluptatem sunt eos provident ut dolor a. Doloribus et recusandae soluta, omnis consequatur perspiciatis minus sint quod voluptatum voluptates aut voluptatem sequi. Vel velit nihil ea est aliquam laudantium tempore nesciunt eos qui laborum sed ad laudantium. Ut voluptatem ipsum doloremque et necessitatibus illum velit quo dignissimos expedita qui corrupti debitis voluptas.\r\nEt sunt doloribus non inventore voluptatibus dolores eum sit voluptatem natus pariatur cupiditate consequuntur cumque. In perspiciatis aut, molestiae unde sed architecto dicta voluptatibus consequatur aut nesciunt molestiae dolorum obcaecati. Et saepe rerum cumque rerum iste, voluptatum sint veritatis laudantium quo eum iusto consectetur delectus! Minima aut sit autem pariatur ratione non ut dolores sit qui dolorem ea perspiciatis fugiat. Placeat unde delectus, velit magnam facilis enim rerum odio et maxime id ipsum fuga hic. Quas necessitatibus temporibus hic natus velit quisquam veniam natus ipsa soluta numquam sint doloremque nihil. Corrupti cumque nihil in ex molestiae omnis ut quo impedit nulla ea est aliquam excepturi! Rerum accusantium soluta error, non id voluptates debitis hic nulla perspiciatis rerum fuga neque laudantium? Aperiam iusto et nihil ea quo pariatur quia pariatur facere velit sed explicabo et perspiciatis. Voluptatem ut qui sed autem modi iste autem sit totam dolore eius aliquid ut ducimus. Quia sapiente ipsam eos culpa repellendus et commodi sed neque sed error neque consequuntur vel. Et harum et est unde eos tempore facere qui porro labore sed accusamus error unde; quia expedita a cum consectetur sit perspiciatis vitae laborum nihil perspiciatis omnis et iusto amet.','28e5fb2c-277e-7ba7-89ea-778aee59fea3','1970-01-01 00:00:07'),('25a1ce30-4ae1-2133-9f66-a58ab8ff47ca','Consequatur rerum consequatur qui.','video-e353724c-c316-47b0-977f-97bd9d44aec8-708340527.mp4','Voluptas magnam animi, assumenda nostrum unde et sit dolore ut perferendis quae aut unde dignissimos. Consequatur vel deleniti mollitia corporis eveniet sit quia sapiente omnis aut ipsam aliquid praesentium nemo. Nobis nisi placeat inventore ducimus doloremque voluptas eligendi et exercitationem aperiam qui eos error sit. Perspiciatis quibusdam necessitatibus voluptatem omnis vel qui atque officiis exercitationem nesciunt maxime dicta sunt at; delectus placeat possimus id facilis sunt et quia sit autem exercitationem quod consequatur molestias quia. Enim excepturi magni in eaque porro esse, sapiente voluptas soluta mollitia non voluptatum omnis optio.','2f26fe39-4c98-690e-a235-f63bd3f197bd','1973-01-07 12:37:57'),('26895d47-1420-68d0-9e66-a58ab8ff47ca','Qui commodi doloremque omnis.','video-ccdbefbb-706d-45bd-9da8-1099349b14c0-742273044.mp4','Cupiditate hic soluta ad corporis error vero sit alias ut quisquam dicta maxime quia quae. Saepe consequuntur ut est odio explicabo magnam voluptas officia voluptatum quibusdam possimus perspiciatis excepturi expedita! Dolores consequatur, sed aut eligendi omnis error mollitia et autem dolore ullam maiores sint est. Quaerat porro facilis doloremque atque modi et adipisci sit similique ea vitae at rerum placeat. Error iste aut recusandae id ex cumque praesentium laudantium iste hic et voluptatem quia cumque. Architecto voluptatem deserunt enim non autem odit nihil et illo id sit ipsam dolore magnam! Saepe omnis autem excepturi iste, voluptatem dolor qui unde et inventore nulla quam nihil quod. Ab illum rem deleniti est voluptas non doloremque excepturi porro vero dolor enim maxime qui. Corporis dolorem qui accusantium et molestiae optio sit placeat voluptate sit vel sequi fugit qui. Atque aut ducimus, adipisci ut corporis est ut dignissimos quia dolore et libero quo temporibus! Eveniet aliquid voluptatem ea facere ut, soluta et voluptas et accusamus distinctio et vel dolore? Eos minima a laudantium velit tempore consequatur neque iste non culpa aut assumenda sunt dignissimos. In quos quia ut iste mollitia debitis fugiat quia autem minima est quisquam quo sed. Accusantium hic molestiae aperiam animi vitae, perspiciatis iure distinctio commodi expedita distinctio dolor sequi dolore. Beatae illo itaque, adipisci beatae optio et enim sapiente sit ut quisquam molestiae sit aut.\r\nIusto voluptas ut natus velit perspiciatis ut rerum error ut vitae aperiam excepturi exercitationem natus. Qui possimus aut sunt autem et ut voluptatem qui saepe nostrum est id ea fuga! Itaque sed et quisquam, dolore voluptatem libero non doloribus eum nulla et ea aperiam veritatis? Necessitatibus aspernatur modi molestiae velit temporibus perspiciatis reiciendis fugiat quisquam similique doloribus odit odio voluptatibus. Rem error consectetur et fuga voluptatem quisquam voluptatum repellendus laboriosam sequi perspiciatis autem omnis cumque. Unde exercitationem deleniti libero exercitationem dolorum voluptatem sunt natus esse consequatur quod distinctio et dolorum. In et nisi voluptate officiis, natus esse sunt adipisci corrupti quae eos minima sit doloremque; est mollitia et error ipsa id voluptas voluptates dicta consequatur et est quae quod dolorem? Distinctio inventore nobis doloremque, nostrum sed voluptatem maxime sit maxime tenetur architecto officia animi ipsa. Voluptatem repellendus quidem sed aut aperiam natus voluptatem recusandae doloribus unde ducimus earum ipsa optio. Itaque ut, autem qui consequatur dignissimos error aut minima et in reprehenderit dolor nisi amet. Eveniet voluptatem perspiciatis dolores, recusandae quaerat voluptas quis mollitia voluptatem magni qui sed similique aut! Corrupti quasi maiores tenetur reprehenderit minus voluptate earum nam expedita, eius maiores et ut eaque? Perspiciatis dolorem perspiciatis perferendis rem error autem eaque asperiores nihil voluptas tempora ut voluptatem iure! Aut ut odio a qui, non voluptatibus modi incidunt voluptate fuga ratione obcaecati eum qui. Doloremque amet deserunt libero, et aliquam nostrum qui ea alias maiores non eius ratione odit. Facilis consequatur natus sed quasi sit harum et dolorem molestiae sed quia adipisci accusantium amet! Natus est nulla consequatur ut beatae omnis aut hic nulla quis sed magni porro esse. Temporibus incidunt sit sequi quasi nisi ipsum quia vero ut quasi sit est qui ducimus! Vel fugit qui rem exercitationem aut amet laborum beatae ex quo quis voluptatem aperiam non.\r\nSed reiciendis quo error dolorem veniam in debitis veritatis quae, veritatis voluptas et eaque ut. Possimus nemo cumque dignissimos error qui, natus et facilis quia natus cum illo autem soluta? Deserunt error omnis magni quo eos et unde in voluptas mollitia nemo minima rerum beatae!','5d571807-5b04-119e-3807-70859f4ff30d','1998-10-27 05:16:33'),('2ed98b4b-4f60-6e40-5798-ae38c5379e4b','Odit molestiae omnis.','video-ccdbefbb-706d-45bd-9da8-1099349b14c0-742273044.mp4','Accusantium eaque aut perspiciatis ex nesciunt, architecto sunt veniam consequatur autem sit esse magni eos; sunt magni in non id aut qui corporis qui atque delectus deserunt ad quibusdam at. Minima et voluptatibus, cum assumenda accusantium sapiente reiciendis maxime aperiam unde reprehenderit optio molestiae consequatur. Minima consequatur nisi tempore quas rerum modi nulla quo, ut facilis placeat voluptatem fugit omnis? Excepturi pariatur et natus dolorem asperiores maiores qui alias, omnis error delectus vero est debitis! Temporibus quaerat non ipsum rerum, et ut perferendis dolorum sit autem ut et officia consequatur. Doloremque rerum est cupiditate et dolorem quia animi qui porro ipsum, iste quis minus eius. Quis voluptatem voluptas perspiciatis aperiam qui accusamus quis et recusandae voluptatem consequatur rerum nemo itaque. Ad sit provident adipisci quis nostrum ab officia corporis sed aut iusto inventore autem non. Et est unde aperiam vel omnis perspiciatis amet mollitia, obcaecati quia provident porro laborum ullam. Aliquid ea dolore voluptates a incidunt omnis exercitationem alias quas dolorem obcaecati eum velit aliquam. Minus et earum sunt sed odit earum laudantium sed esse dicta ipsum ullam enim et. Perspiciatis aut, est reprehenderit magnam sit praesentium porro voluptatem rerum enim voluptas dolor harum suscipit! Ullam omnis dolorum nesciunt numquam quia nulla modi sed et ea cum tenetur et quos.\r\nEst cumque sint, ut mollitia rerum id quibusdam qui iste perspiciatis ex numquam recusandae dolorum. Reprehenderit consequatur illum fugit maxime vero sed nisi, deleniti nesciunt nostrum qui placeat voluptate sunt. Saepe dolores nisi veniam ratione modi laboriosam dolor adipisci non voluptatibus nemo ut molestias non. Error mollitia aspernatur omnis nisi minima nihil aut placeat laudantium deserunt et voluptas ipsa natus! Voluptates omnis vero dolorum minus unde et voluptatem ut omnis libero atque repellat illo et. Voluptatem eum corrupti ut quae omnis quaerat, deleniti vel molestias rerum facilis in natus accusantium; architecto aut doloremque soluta et ut iste tempore corporis et possimus ad labore quae optio. Quisquam eligendi natus quo omnis et dolores molestiae qui iusto porro eum sapiente recusandae perspiciatis? Asperiores ut qui molestiae nisi temporibus, et optio minima vel enim eos et mollitia provident; voluptas ut rerum minus dolore quis, aut sit minima odio reprehenderit cum sit ducimus minus. Laudantium quo mollitia, ab dolor quisquam error doloremque atque explicabo pariatur nisi suscipit perferendis magni! Iusto ullam exercitationem quia a perferendis eum aliquid natus quia est quo cumque iusto error. Dolorem et natus recusandae qui, modi cum dicta iste quisquam ab beatae sunt laudantium ut! Pariatur officiis dolorem commodi similique, eos quos ut doloremque perspiciatis quis est ut voluptatibus dolorem? Sequi consequatur magnam qui quam delectus et repudiandae enim quia vel voluptas error commodi expedita. Placeat rerum, deleniti dolores quae at quibusdam ut suscipit in est doloribus dolore veniam qui.\r\nCorporis sed sint omnis voluptate voluptas iusto iure fugiat optio debitis eaque voluptatum non omnis. Temporibus quaerat eveniet sapiente ab saepe, corrupti totam ratione debitis est quaerat omnis ratione laboriosam! Laboriosam error, illum tempore cum necessitatibus eum porro repellendus repellat omnis quis dolores sed atque. Dolorem deserunt possimus sint ex aut voluptatem accusamus error ut tempore odio sit ut suscipit. Voluptatum tempora quis omnis modi cum eum aut recusandae perferendis quas ad neque numquam veniam. In consequatur voluptates quasi atque, beatae laborum ad consequuntur neque harum omnis earum natus aperiam? Quasi delectus laboriosam consequatur delectus cumque ab pariatur aut, sed qui est error pariatur et. Debitis ut sed perspiciatis voluptatum eligendi eos aspernatur impedit adipisci et quasi ad pariatur consectetur!','28e5fb2c-277e-7ba7-89ea-778aee59fea3','2010-09-18 00:09:24'),('3198e88a-43ba-6e4f-a366-a58ab8ff47ca','Dolorem id in ex voluptatem commodi.','video-e353724c-c316-47b0-977f-97bd9d44aec8-708340527.mp4','Unde nihil, eius ab quis aliquam voluptatem est deserunt iste est quibusdam id et quo. Perspiciatis et labore est sunt error blanditiis aut non qui voluptas natus laboriosam facilis rerum. Error id quam natus exercitationem atque distinctio amet natus laboriosam ut nemo sunt aperiam nostrum. Est ut sit recusandae doloremque autem ab debitis recusandae fugit aspernatur at commodi tenetur voluptate! Rerum molestiae cupiditate voluptatum quam dicta aut voluptatum qui quidem aut sed eos sint sed. Modi iste nihil odit ex placeat error dolorum repudiandae explicabo ipsa fugit voluptatibus dolorum voluptas. Praesentium sed nemo mollitia nihil autem, facilis accusamus odit iste omnis ut autem ex alias! Velit voluptatem ratione ut ex libero aut facilis sint deserunt voluptatibus aperiam aspernatur, quisquam odio. Dolorum molestiae perspiciatis nobis beatae qui sit veniam doloribus qui, sint quibusdam voluptatem tempora eos. Nulla natus sed commodi, maiores vero ullam impedit eum non beatae natus unde earum omnis.\r\nMinima dolorum officiis, error sit perferendis ut itaque tempora esse sit beatae consequatur voluptatem illo. Ea qui dolor qui esse omnis minus delectus et dolorem voluptatum et natus voluptatum similique. Ullam neque non unde quibusdam numquam a qui dolor dolore iste dolorem voluptatem ut numquam! Rerum quasi non nostrum quo ut laboriosam qui veritatis commodi cum enim minus deserunt consequatur.\r\nRepellat amet, et perferendis sint omnis illum ullam omnis iste possimus est ex sequi magni. Illo est in explicabo tempore tempora porro corrupti reiciendis sed quibusdam minus sit deserunt quisquam! Earum omnis molestias id corrupti, nemo debitis iste quaerat omnis in sed adipisci asperiores sit. Quis rerum at aliquid, nulla porro unde qui ipsam rem exercitationem neque quia nihil excepturi? Veniam omnis facilis molestias, quia voluptatem quasi et accusantium nulla voluptatem ut quas impedit voluptate! Quis laudantium unde mollitia nobis blanditiis minus voluptas aut excepturi eligendi doloribus laudantium praesentium voluptatum. Fuga quia, aut eveniet voluptatem vero nesciunt consectetur voluptatem inventore doloribus omnis similique iste consequatur. Omnis inventore aut aliquam accusantium enim ducimus aut molestiae quia error aperiam ut distinctio aliquid. Perferendis et quo harum eligendi quisquam provident ullam eius perspiciatis consectetur cumque maiores nulla id. Et ea ipsa et, pariatur illum alias optio veniam nisi impedit minus ex sed aut. Quisquam voluptatem aperiam voluptatem animi corporis ipsum alias labore eveniet quo non et officia molestiae. Deleniti voluptatem architecto facilis perspiciatis amet molestias blanditiis architecto dicta id quis error odio mollitia. Deleniti commodi quod id ut omnis beatae culpa iste vel cum molestiae odit molestiae suscipit. Eveniet dolores architecto voluptatem magni ducimus nulla id velit ut vero est sit eaque consequuntur.','5c987ea5-6255-29be-49ee-40eadd5993d6','1970-01-01 00:01:21'),('32eb6bd6-6c74-4c19-d7c6-21b180c0988f','Natus dolorum voluptatem quibusdam.','video-e353724c-c316-47b0-977f-97bd9d44aec8-708340527.mp4','Officia autem quas facere totam culpa minus alias maxime reprehenderit dolor et nihil error alias. Similique magnam et quos explicabo id incidunt sit, voluptatum ullam sed ullam voluptatum mollitia voluptatem! Sunt hic minus consequatur veniam esse et magni qui voluptas quos laboriosam consectetur natus voluptatem. Nobis et esse in cupiditate blanditiis aut nihil vel explicabo perspiciatis illo nihil quis incidunt. Enim ab dolorum pariatur aut ipsum iste soluta amet, sapiente nam suscipit dolor et ducimus! Provident praesentium ut natus ut et quia qui voluptatem id dolorum cupiditate eligendi molestiae commodi. Voluptatem expedita omnis minima sit fugiat accusamus odit rerum officiis soluta ab laudantium magni ex. Consequatur autem non officiis unde dolor est vero nihil nesciunt temporibus molestiae eveniet vitae modi! Tenetur ut omnis, voluptatem placeat explicabo delectus unde hic ex beatae ullam molestiae inventore neque. Vel quo debitis sed placeat iure consequatur aut est ut iure qui sapiente quam unde? Ad fugiat, fuga quae libero voluptatem obcaecati error quaerat pariatur omnis eaque sit est in; dolorem dolores voluptatem sint et, velit vel et qui minima odit sit quis officiis omnis; voluptatem consectetur odio officia consequatur aliquam facilis repellat natus nisi in quibusdam iure doloremque officiis; delectus explicabo repellat eum rerum recusandae in et quidem eos blanditiis pariatur et dolore dolor.\r\nEt voluptatem porro ratione sint in alias et excepturi mollitia officia sed delectus quia nostrum. Voluptate rem et enim pariatur sit totam voluptatem sit repudiandae sit aut quisquam sit est! Quos commodi exercitationem in adipisci earum accusantium recusandae quisquam labore modi obcaecati voluptatem iste eveniet? Minus fugit doloremque, excepturi velit sunt quia repudiandae recusandae atque minima ipsam eum doloremque ipsum. Atque provident repellat aspernatur sequi, odit consequuntur voluptatem culpa sed officiis dicta nesciunt excepturi odit. Reprehenderit repellendus distinctio, earum fugit maxime autem tempora voluptatem tenetur unde dolorem laudantium sit doloribus! Omnis reprehenderit perspiciatis consequatur dicta, sit et dolores sunt dicta et fuga unde et quos.','191b53ff-4a53-52aa-6641-16298a76bb64','2010-09-15 12:04:59'),('34d489e2-6add-5426-d390-152dfadf6d0d','Quis quae modi sunt veniam commodi.','video-ccdbefbb-706d-45bd-9da8-1099349b14c0-742273044.mp4','Et beatae nesciunt error ut quia ea velit voluptas et reiciendis beatae iste similique laboriosam. Et aliquid perspiciatis et ea ullam hic vitae est, nostrum unde quos a et eligendi. Tempore et magnam in fugit reiciendis illum sint ipsam molestiae nihil quisquam voluptatem ut quos. Assumenda iusto beatae ut iste est non consectetur rerum sed totam natus dicta inventore esse; iste neque, quis doloremque natus nobis voluptates molestiae necessitatibus aut eos et illum aspernatur veritatis...\r\nOfficiis assumenda dicta ut aliquam, a dicta aspernatur asperiores consequatur consequuntur officiis velit qui vitae. Et consequatur ducimus delectus unde harum dolor aut exercitationem odit ipsa ut dignissimos aliquam et. Dicta totam ea labore nisi ut inventore dolores consequatur qui quia libero nam est dolorum. Perferendis possimus, ut et quos consequatur excepturi ut incidunt autem itaque voluptatem ab ipsa voluptas. Numquam omnis laborum, delectus ut fugit et voluptatem itaque ad qui repellendus voluptatibus dolorum architecto.','34e2b4cc-3758-293d-7aa4-4b24de418577','1995-09-21 05:59:54'),('3564d2c8-2839-5bf7-851b-27d9d367aeb0','Aut consectetur et id praesentium.','video-e353724c-c316-47b0-977f-97bd9d44aec8-708340527.mp4','Aut molestiae nisi debitis asperiores labore consequatur architecto est necessitatibus sed id labore suscipit optio. Magni similique impedit qui error, sint incidunt provident non placeat voluptas et aliquam error aut! Et ipsam accusantium doloremque est omnis eligendi libero enim odit error omnis harum ullam autem. Eaque est, at aut sed ipsam natus dolorem quae voluptatem perspiciatis debitis sed dolores ut. Assumenda fugiat dolor ut velit voluptas ut nam eligendi sunt omnis eius iste rem dolore! Dolorum voluptas, sunt excepturi ut dolores delectus quam maiores voluptatum ut nobis vel explicabo provident. Voluptatem nesciunt autem dolore voluptatem quo et, illo perferendis sed iste et accusamus provident ut? Sed labore culpa iste ea sunt ipsum quisquam perspiciatis enim ut omnis labore illo culpa. Minus voluptatem iste aut ut, natus aut possimus dolore voluptatibus ab modi omnis repudiandae quasi.\r\nOmnis et beatae iste quos, autem ullam omnis error minima quia animi quaerat qui quod. Illo facilis et, enim eligendi sed beatae quidem aut provident perspiciatis sit ut facilis laudantium! Eius reprehenderit ut nobis illo quasi odio fugiat perspiciatis sunt eligendi aut quod earum nam. Harum voluptate inventore quisquam, voluptates aliquam mollitia molestias non ratione doloremque error quam velit quam; qui odio autem eveniet porro voluptatem qui debitis sit dolores saepe eos illum exercitationem sed; error dolore repudiandae quaerat animi alias aut optio, quisquam omnis deleniti sit et provident debitis. Ut voluptatem sit fuga, corrupti ut maxime nihil iusto quo sed ipsum sit quas facere.','2000637a-2a69-2e7e-a135-f63bd3f197bd','1972-07-04 01:20:58'),('357ec50e-37ed-43fc-d6c6-21b180c0988f','Unde dolor numquam facilis et non.','video-ccdbefbb-706d-45bd-9da8-1099349b14c0-742273044.mp4','Qui enim natus nesciunt quibusdam laboriosam tenetur sed nesciunt cupiditate hic et hic cum ut. Voluptates omnis ut eaque qui perferendis fugiat asperiores dolorem dignissimos voluptatem praesentium aut aspernatur voluptatem; totam alias et consequatur et aut, explicabo officiis fugiat culpa voluptatem rerum sint sequi vel. Placeat unde sunt aliquid, sed velit sed est consequatur voluptatum exercitationem eaque sed itaque aspernatur. Explicabo dolorem error quasi est reprehenderit sit totam minima sit non omnis unde omnis quia; architecto nihil corrupti est rem cum nemo ullam sed omnis ea quod rerum ut corporis. Ut neque, aut quam odit harum omnis error molestiae velit cum ut eveniet maxime excepturi. Vel maiores qui dolor et sint delectus odit consequatur error sit dicta et natus odit. Voluptate voluptas cum illum dolorem sit aspernatur consequuntur quia sunt veritatis ea nihil eos error. Aut ut error ut molestiae autem dicta ut quis beatae ad rerum dolorum excepturi qui; ut dolor est nam saepe beatae quia et eum, rem ratione qui minus temporibus ut.','309d2263-2362-1f28-93ef-c9d5c2d91e91','2017-11-28 16:24:34'),('3650c04e-62b1-6908-5598-ae38c5379e4b','Iure possimus quod consequatur.','video-e353724c-c316-47b0-977f-97bd9d44aec8-708340527.mp4','Ab nostrum animi quibusdam corporis quia odio beatae repellat doloribus ut enim nihil necessitatibus aut. Natus enim sed enim natus cupiditate aliquam vitae sunt quasi sint ut cumque omnis iste! Vero quae architecto iste accusantium, nihil autem quam consectetur praesentium molestias omnis aliquid perspiciatis nostrum; ut odit, quibusdam rerum accusantium odio distinctio sunt fugit et explicabo tempore unde est aut.','57c4d997-7a97-5cf3-94ef-c9d5c2d91e91','1970-01-01 01:40:13'),('3800012e-758c-1328-861b-27d9d367aeb0','Unde quia quo est.','video-e353724c-c316-47b0-977f-97bd9d44aec8-708340527.mp4','Sunt quos dolores sit nisi id quia non ex minus omnis quas atque aliquid error. Omnis nihil tenetur error quaerat qui in dolorum culpa nemo qui optio odio ducimus voluptas. Dolor id error ut ipsam perspiciatis quia sint dolor ea natus sunt asperiores cupiditate ut. Voluptas perspiciatis et sed id numquam incidunt quo voluptas cum earum est quam sit mollitia. Deserunt vero voluptatem quae quos minus quisquam omnis aliquam a magnam animi assumenda ipsum quo. Pariatur ipsa sed aut obcaecati error minus eum iusto consequatur quia non omnis ea eaque. Alias nulla et quos rem, reiciendis quia odio voluptas dolores vel odio et culpa fugit! Sit ab voluptas eos, eius enim consequatur debitis inventore ut molestiae veritatis non earum ut. Sequi rerum quo ea est dolore consequatur doloremque et laboriosam est itaque qui neque vel! Quia voluptatem enim laudantium nobis, explicabo praesentium quidem ducimus debitis dicta quo in sed aliquam. Natus eos nihil aperiam ullam facere iste error perferendis earum molestias minima reprehenderit sit perferendis. Obcaecati labore corporis sit sed error perspiciatis sed illum eveniet omnis optio dolorem et delectus? Fugit voluptatibus, enim dolor tempora et saepe eum tempore magnam ipsam reiciendis voluptatem quaerat accusantium. Dolorem qui magnam iste ut autem amet commodi ullam ut qui doloribus omnis eius ipsum. Aperiam perferendis aut earum aliquid, sit non quae possimus saepe hic et quia doloribus quo? Dolores consequatur perspiciatis corrupti, aut ipsa sint laborum natus excepturi odit qui ut quia laudantium. Possimus aperiam molestiae veniam quis aut ut sit, dolor ex consequatur eum explicabo ea sit.','5c987ea5-6255-29be-49ee-40eadd5993d6','1970-01-01 02:23:33'),('399fc05a-6ef7-1a2d-3f6b-1629b83affd2','Voluptatem et minus ad labore.','video-e353724c-c316-47b0-977f-97bd9d44aec8-708340527.mp4','At deleniti quia laudantium soluta alias, facere ut at dignissimos aut accusantium eos quos soluta. Natus facere saepe iusto dolore et qui ducimus sed omnis aut animi eveniet harum perferendis. Qui et, tempora quae et enim eligendi suscipit mollitia non blanditiis consectetur ad molestias sint.','2f26fe39-4c98-690e-a235-f63bd3f197bd','1970-01-01 00:00:40'),('3a0a7c7d-432b-6cf9-871b-27d9d367aeb0','Voluptatem quia aut repudiandae.','video-ccdbefbb-706d-45bd-9da8-1099349b14c0-742273044.mp4','Ipsam vel quisquam sit corrupti quia voluptatem nulla dignissimos magni sunt dignissimos incidunt magni vitae. Sapiente ipsa dicta qui ut ipsa nostrum velit sed libero omnis obcaecati explicabo fuga esse; ullam ut laborum est reprehenderit sed nesciunt sequi sunt dolor quis porro commodi vel corporis. Placeat ut similique quia perspiciatis non ut consequatur aut sed possimus dolore laudantium ab doloremque. Et ratione aut ut sed, vel error ad laboriosam vitae ipsa aperiam enim nam distinctio. Rerum perspiciatis minus cupiditate, aliquid qui sed debitis praesentium quia odit quibusdam atque laborum suscipit. Similique tempora sed minus velit ipsam ut nostrum culpa assumenda, sed vel sed sunt suscipit. Quo omnis sed quaerat non dolorem laudantium fugiat sit et incidunt ut ea consequuntur ducimus. Ea voluptatem commodi repellendus ea nihil facere error est consequatur omnis non et accusantium sed. Facere quia iste aliquam itaque, maiores autem sapiente eveniet ea quaerat aut cumque neque suscipit. Ipsam sequi illo quo quia et deleniti dolore et amet perferendis quae consequatur reiciendis error. Voluptatibus nemo error voluptas iste ab amet omnis in nihil id neque dolor ut magnam.\r\nPerspiciatis unde non ducimus, explicabo ratione voluptatem vel sequi libero sit iusto ut error distinctio. Velit unde illum numquam ut, hic necessitatibus et est fugiat omnis error est voluptatibus aspernatur. Enim sunt earum qui ut natus consequatur eveniet repellendus itaque sit unde odio inventore enim; unde enim ab voluptas eius qui, eaque voluptatem ratione earum voluptas repudiandae culpa ullam consequuntur; aliquid ut, sit dignissimos suscipit modi voluptatibus molestiae aut optio consequatur odio expedita error id; optio sit, non labore qui quae et impedit enim magnam dolorem quia voluptas incidunt beatae? Tempora placeat unde adipisci, ut officia aut enim molestiae sit voluptatem et est delectus perspiciatis. Unde dicta ducimus, quia iste quia perspiciatis reiciendis aliquam dolorem eos quia maxime vitae soluta! Est libero quia ipsum incidunt cupiditate asperiores harum iure iusto consectetur nihil provident, sed vero. Facilis ad ipsum numquam est enim, consectetur vero mollitia aperiam perspiciatis odio aut dolorem et. Non et modi et non eum temporibus rerum aspernatur voluptatem optio aut eligendi dicta adipisci. Natus iure voluptatem adipisci, omnis rerum velit error adipisci error magnam dolores aut consequatur voluptatem. Itaque facere ut cum ea sed quaerat tempore sit ex qui placeat aspernatur culpa et. Dolorum omnis mollitia aliquam rem non labore natus nam voluptatibus sunt quia cupiditate accusamus voluptatibus. Hic at reprehenderit doloremque assumenda, eligendi laboriosam at aut dolor in unde exercitationem omnis ut. Quasi assumenda sed hic rem eos maxime quaerat consectetur laudantium voluptatem, aut veniam molestiae quia! Aut quis cum esse beatae voluptas iure eos aut et ut porro, similique non dolorum. Magnam et ut voluptatibus qui eius ad dolore fuga voluptatibus commodi non omnis minima omnis.\r\nDelectus ut perspiciatis fugiat suscipit aliquid dolor facilis tenetur doloribus nam error temporibus provident quia. Qui ut hic exercitationem dignissimos aspernatur, error nostrum molestiae quidem provident beatae illum sed qui. Maxime sunt, quia omnis sapiente hic est ullam est sed sit placeat sit est omnis.','34e2b4cc-3758-293d-7aa4-4b24de418577','2013-06-09 07:16:31'),('3d5b1131-38b5-2128-ebdb-93dede770727','Magnam voluptatem aut nostrum iste.','video-ccdbefbb-706d-45bd-9da8-1099349b14c0-742273044.mp4','Aut sunt aliquid qui voluptatibus maiores eum exercitationem perspiciatis expedita praesentium velit accusantium veritatis ut. Distinctio dolorum dolor doloremque ut voluptatem veniam temporibus minus, doloremque natus repudiandae vero culpa pariatur! Eum ducimus minus molestias non cumque quo atque et id velit tempora qui aperiam eum. Doloremque quaerat nam vitae, unde ut sed incidunt dolorem eius et minus quaerat vel temporibus; inventore ea quis ut molestiae reprehenderit recusandae magnam animi non voluptatem dignissimos a eligendi consequuntur. Iure autem soluta cupiditate aliquam cupiditate voluptatem pariatur maxime aperiam dolorem esse at saepe autem; ipsum possimus amet sit nihil ad aut dolorem quia sunt quis qui sapiente laboriosam voluptatem? Eum labore rerum magnam iusto suscipit corrupti dolorem voluptatem architecto doloremque ab fugit deserunt aut. Sit quam aut sit et rerum est suscipit ut atque quia commodi ut delectus quasi. Modi eius placeat reprehenderit, optio doloribus ab consequatur non omnis et exercitationem voluptatum dolore aut? Et veniam delectus temporibus molestiae doloremque sit tempora, assumenda iste beatae quo rerum numquam fuga! Blanditiis inventore voluptatem ratione sit impedit neque quae ipsum qui repellendus quod totam modi ex. Dolorum ea aut natus cumque et impedit quibusdam, aut a doloremque necessitatibus omnis illo saepe. Illum nulla voluptatem in sed autem neque alias animi amet possimus molestias architecto sunt omnis.\r\nExcepturi unde magni eos debitis qui est voluptas consequuntur dolorum minus animi porro sed veritatis. Voluptas voluptate enim et ut et qui totam dolores quidem omnis reprehenderit veritatis ab et. Id laborum dolore quaerat temporibus error perspiciatis qui, facilis voluptatem fugit dolorum ex qui aut! Quisquam quis et natus earum maiores quia rerum expedita ut neque quo praesentium excepturi minima? Iure velit rerum dolores et corrupti facilis voluptas officia maxime omnis rerum architecto veniam hic. Dolorum dolores id fuga nobis adipisci, pariatur dolor sunt earum iste est enim rerum veniam. Tenetur id voluptatem voluptas illum in dolor assumenda perspiciatis temporibus amet perspiciatis dolorum ducimus sed! Fuga ducimus accusantium ut quos laboriosam expedita qui voluptatem magnam modi fugiat repellendus accusamus amet. Mollitia quo recusandae quaerat aut aperiam neque quos quidem libero sed sequi quia velit rerum! Molestiae iste vero quis ullam quidem perspiciatis voluptatem ipsa perspiciatis expedita enim pariatur similique voluptatem. Possimus eaque est animi possimus perspiciatis odit tenetur, iste aliquam quis dolorem est voluptas repudiandae...','2000637a-2a69-2e7e-a135-f63bd3f197bd','1970-01-01 00:16:33'),('3e34c4f2-3a6c-62c5-a266-a58ab8ff47ca','Recusandae placeat tenetur ut.','video-e353724c-c316-47b0-977f-97bd9d44aec8-708340527.mp4','Soluta culpa ut nesciunt veritatis tenetur natus aliquam error dolorem et fugit saepe corporis necessitatibus. Sed repudiandae ullam non sed eos nemo inventore quis maxime quia impedit, aut architecto voluptatem. Quia harum minus iste vel omnis ipsum voluptas consequuntur quam amet in enim tenetur quaerat!\r\nEt ad quia id facilis ea eaque omnis id error omnis sapiente quod earum quos. Consequuntur neque et quod dolore ut et aut, consectetur natus ea ut sit odit repellat. Voluptatem soluta sunt libero inventore consectetur ut neque sit esse sit labore inventore at quidem. Et dicta enim fuga itaque distinctio inventore et omnis recusandae qui impedit corporis illo adipisci? Voluptatem architecto explicabo porro, officia harum itaque consequatur et rerum qui doloremque in omnis rerum! Molestiae qui ipsa amet qui voluptatibus nostrum sed repellendus est atque reiciendis dicta officia eius? Maiores voluptatibus sint doloremque consequuntur perferendis repellat aperiam voluptatem delectus dolore est pariatur in dolores. Accusantium praesentium odit quidem accusantium tempora numquam id nulla id esse sed explicabo enim voluptatem. Labore omnis vel sed quisquam enim, sit et nam ipsum voluptatum eaque vel corporis labore; repudiandae repellendus animi cupiditate nihil eum voluptatem enim aut qui ut voluptatem molestias blanditiis maiores.','2000637a-2a69-2e7e-a135-f63bd3f197bd','1970-01-01 00:00:10'),('42057b24-694d-4ae8-a166-a58ab8ff47ca','Enim sit dicta dolorum porro est.','video-ccdbefbb-706d-45bd-9da8-1099349b14c0-742273044.mp4','Error illo aut aperiam, incidunt molestiae sunt et sed voluptatem earum et est ut laudantium. Atque velit, repudiandae molestiae perspiciatis rerum impedit est explicabo molestiae modi quia error consequatur sequi? Ad quaerat dolores molestias ratione repudiandae adipisci iste molestiae accusamus architecto neque aut natus veritatis. Labore quisquam enim, obcaecati veritatis molestiae unde qui quia sit totam quia optio nostrum sint! Numquam quo enim et iste qui porro ullam veniam velit odio natus, voluptatum ut fuga. Ut libero expedita quo natus aliquid qui sed error aspernatur molestiae perspiciatis incidunt aut dolorem; non vero quos voluptas magnam ut ea dolor velit nisi necessitatibus repellendus itaque rerum ut. Tempore dolores quia, hic in veniam unde voluptates sunt aliquam voluptatem culpa omnis quia quaerat. Sit repellendus quibusdam, consequatur unde quia voluptatem mollitia itaque neque animi sapiente perspiciatis eaque rerum; esse non qui hic sequi sint voluptas quia repudiandae autem et obcaecati molestias et eaque. Blanditiis unde, nulla neque aut dolorem cum quae adipisci dolor eligendi quia rerum veritatis repellat. Facere quo aut, dolore omnis labore sit earum error omnis eum libero aliquam unde quo.\r\nOdit assumenda repellat provident est sed expedita voluptatum omnis vitae fugit est esse quasi facere. Dolorem ducimus esse odio molestias perspiciatis minus sit similique impedit debitis ratione omnis sunt voluptas. Consequuntur voluptas sit id asperiores minima ut nihil at minus incidunt sint laborum vel ab. Pariatur similique porro eum fugit et inventore nam et debitis non libero modi quibusdam aut? Aspernatur omnis officiis et molestiae voluptas consequuntur adipisci est ex soluta enim facere magnam inventore. Cum mollitia qui labore est minus minima pariatur et voluptas quia aliquam adipisci ut hic. Qui veniam, sequi autem labore omnis est aliquam nostrum quasi sed iste magni animi reprehenderit. Deserunt unde consequatur illum ipsa quos dolores expedita facilis eveniet sint est odit illo vero? Saepe perspiciatis qui commodi illo ullam voluptatem consectetur quis autem doloremque quia voluptas ut ratione! Corporis corrupti praesentium et voluptatem dolores id libero eveniet et ut amet sit et error; soluta et est, ut enim et aspernatur quia sapiente placeat natus voluptatem aut temporibus aut. Voluptas voluptatem amet, molestiae suscipit aut in sit aut accusantium aut unde neque unde dolore. Quo quis magnam dolorum aliquam consequuntur quasi qui eum, harum saepe quos veniam dolorem iusto. Quas quam est et veniam numquam omnis dignissimos error dolores minima voluptas quis quia nobis? Iusto soluta, expedita quidem totam itaque doloribus mollitia corporis unde facere dolores nostrum exercitationem dolorem. Quos vero et molestiae ut saepe at cum facere ullam nam corporis fugiat eligendi sit. Ea natus suscipit id fugit sint velit provident ut quo modi repellat dolorem ipsam error; distinctio quia sapiente, praesentium porro odio doloremque maiores distinctio ipsum tenetur atque architecto nesciunt est. Neque facilis porro enim excepturi corporis autem molestiae unde minima iste recusandae consequatur et dolorem. Placeat suscipit perspiciatis ut aliquam est natus molestias consequatur nesciunt modi omnis unde sed unde.','27f91d6c-14b1-6c74-92ef-c9d5c2d91e91','2007-02-09 02:59:56'),('446c9f77-34e0-2453-8b1b-27d9d367aeb0','Sit quia alias quo nisi sit qui.','video-ccdbefbb-706d-45bd-9da8-1099349b14c0-742273044.mp4','Quis omnis quo omnis facilis omnis et sed quia veniam odio nam velit dolorum ut. Doloremque aut beatae dolores expedita itaque et fugit error asperiores ullam deserunt cumque vitae reprehenderit. Qui tempora iste sequi inventore numquam optio commodi nihil fugit et voluptatem illo numquam enim; repellat voluptatem neque temporibus quam est quia ab hic voluptas saepe ab odit iure necessitatibus. Repellendus sapiente qui quia aspernatur laboriosam consectetur repudiandae laborum eligendi consequatur quo natus qui ad! Nam officiis distinctio, quod velit numquam in perspiciatis et rerum cumque eum inventore et veritatis? Eligendi non at placeat et assumenda et id temporibus error facilis sit laudantium consequatur minima. Neque nostrum consequatur ex eum dignissimos laudantium veniam sint eius adipisci nulla neque sit qui; ipsum temporibus ex sit ullam et tempora, in officia esse molestiae dolores doloribus est ut. Dolore quos vel id iste perspiciatis debitis dolorum temporibus quaerat culpa fugit natus vero cupiditate! Consequuntur voluptas tempora harum aperiam id perspiciatis et sit natus eius nihil non perspiciatis iste? Dolorum voluptatum iusto enim perspiciatis placeat incidunt, fugiat quia quae sit voluptatum unde illo quo. Sit dolore ut ex nihil eligendi mollitia sed eveniet autem officia sit qui est sunt; sunt voluptate, blanditiis iure error dolor veritatis autem quia eveniet soluta voluptatem ut eaque facere. Reiciendis ut libero qui, est quia sed voluptate maiores error unde ipsum rerum sint explicabo. Rerum vero eius asperiores quas aut molestias nam accusamus veniam modi delectus minima unde nihil. Cum ipsum illo, omnis magnam libero sed debitis odit laborum sed eligendi eos maiores aut!','610e08c4-5baf-708b-5f39-bf9bc2f12cf0','1981-06-23 18:51:23'),('4520aa7f-492a-3c02-a066-a58ab8ff47ca','Nostrum qui ut accusamus nihil.','video-e353724c-c316-47b0-977f-97bd9d44aec8-708340527.mp4','Nemo deserunt facilis, reprehenderit ut error ratione magni aliquid dolorem id illum voluptates error autem. Dolor rem quis consectetur sed itaque dolore, ut molestiae corporis ut eos labore dolorum placeat? Animi aut sed fugit nobis unde quis omnis voluptate est magni aut modi adipisci molestiae. Rem impedit blanditiis eum non iste corrupti nihil ut nisi obcaecati asperiores aut vero culpa? Voluptatem sed, eaque minus praesentium dolor voluptas magni id laborum natus ut ex est ut. Dolorem blanditiis ut beatae provident illo ab excepturi in ullam dignissimos labore dicta aperiam cumque! Et assumenda doloribus dolor et eos sed iure at sit, ab voluptatum eaque libero dolore. Cumque soluta nostrum molestias beatae molestiae, cumque voluptatem et placeat asperiores nostrum ut et eos; non et fugiat ea sit officiis ut consectetur ut, iste itaque qui blanditiis et quae. Quia vel, consequuntur vitae sed error sit asperiores id consequatur doloremque aut est cumque distinctio. Ut consequatur eos eveniet perspiciatis commodi fugiat inventore aut dolorum quis et in ex aut; facilis ut et sint magni voluptate praesentium hic voluptas quasi aut quas perspiciatis iure assumenda. Perspiciatis atque quaerat quam dolorem nihil cumque non architecto odit ex et qui velit impedit! Voluptas ut est, soluta temporibus quis ratione necessitatibus rem assumenda vero dolorum aliquid ipsam facilis. Ad non dolores autem est praesentium expedita officiis amet odio qui optio suscipit id sint; iste ut voluptatem voluptatibus incidunt nemo ut natus dolores nulla ut et eum natus nulla; libero delectus vel voluptate repellat eos aspernatur voluptatem fuga qui asperiores quae sed porro sed. Cum ducimus iusto quas assumenda sequi in a ut sit iste perspiciatis veritatis totam perspiciatis.\r\nModi tempore fugiat repudiandae unde sit dolorum possimus aut et laboriosam iure natus, facilis voluptatem.\r\nAccusantium aperiam qui quasi rerum doloremque ut quas dolor delectus necessitatibus dolores neque natus iure. Ipsum sit ipsam non assumenda ducimus dolores vitae ut aut asperiores nihil dolorum ratione doloribus! Itaque quis reiciendis iusto dolor voluptas enim suscipit doloribus velit quia et sed ex suscipit. Amet est necessitatibus aut dolores reiciendis molestiae aut blanditiis molestiae excepturi aperiam ad praesentium at. Quia qui excepturi, amet aperiam consequatur molestiae ut qui quo autem rerum veritatis nemo ut; in sit voluptatum, voluptatem beatae voluptatem sint ratione temporibus non ut facere expedita dicta animi. Repudiandae necessitatibus rem dicta natus unde nobis provident omnis accusamus ipsum fugit aut ab nisi. Placeat dolor voluptatem odio mollitia dicta vero explicabo animi totam quidem repudiandae asperiores voluptas aut; error quo officiis, ea sit aliquid voluptatem ab sequi debitis ut sed exercitationem qui sed. Quia iure, placeat maxime molestiae error rerum voluptatum iure possimus harum enim non illum minus. Voluptas natus consequuntur perspiciatis eligendi quibusdam earum perspiciatis enim qui est repellendus, cupiditate id deleniti. Numquam assumenda sit ut incidunt reprehenderit nemo tempore ad quae aperiam sapiente harum eligendi unde; excepturi sint vel aut iste aut qui, ut impedit porro perspiciatis magni dolor unde sit. Optio est, vitae numquam in unde ipsa consequuntur sunt dolorem id voluptatem est aspernatur quo.','580aecdb-127b-39e1-6741-16298a76bb64','2014-03-26 20:56:44'),('45e44dc8-211f-27ef-881b-27d9d367aeb0','Reprehenderit odit aspernatur.','video-e353724c-c316-47b0-977f-97bd9d44aec8-708340527.mp4','Eveniet voluptatem placeat et neque sunt vitae sit at nulla repudiandae doloremque vel nostrum ea. Odio eos, id enim voluptas ipsam accusantium deserunt officiis itaque nobis eos sequi omnis totam. Quia ab aut doloribus natus, doloribus voluptatem doloribus voluptas ullam voluptatem sunt consequatur sed et. Vel labore et nisi error sit incidunt magni tempora nobis, est corrupti ex natus officiis.\r\nVel provident ut sint natus doloremque praesentium ut, omnis quis enim quis provident suscipit et. Hic error ut fugiat, eveniet facilis est provident ad voluptatum minus pariatur ea consequatur voluptas; nihil est laboriosam quam aut repellat a aliquid saepe provident quia reprehenderit iste sed ea. Velit et reprehenderit sequi omnis maiores sint est incidunt omnis, officia sit quisquam dolore maiores! Sed qui dolorum velit autem sit non similique sed aspernatur molestias sed culpa recusandae natus. Necessitatibus et aperiam quam veritatis consequuntur soluta vero ea ut unde et voluptatibus laboriosam sint. Aut voluptates, a sit fuga et aperiam error qui odio velit placeat voluptatem eligendi dolorem!','2000637a-2a69-2e7e-a135-f63bd3f197bd','2023-02-13 04:29:54'),('47782bc9-1bf1-7c7b-6ee3-2ceaa9cf3765','Mollitia nihil porro enim quos.','video-ccdbefbb-706d-45bd-9da8-1099349b14c0-742273044.mp4','Deleniti doloremque pariatur quasi labore ut nisi et velit minus eius sunt accusantium nesciunt esse. Voluptate est iste eveniet rerum aperiam laudantium et ratione ut et atque et, modi numquam. Perferendis rerum error aliquid voluptatem ipsam quia adipisci suscipit rerum, sit aut natus neque incidunt. Error est dignissimos voluptatem est ullam vero labore nostrum alias nisi, non praesentium nobis numquam. Id itaque ab est nihil est, nihil et distinctio consectetur laborum laboriosam sit exercitationem distinctio? Aliquam aut voluptatem, sit deleniti provident ipsum nesciunt consequuntur ab assumenda est et odio natus. Et itaque repellendus expedita omnis laboriosam corporis atque error nemo illum corporis officia quia quis. Repudiandae consectetur molestiae inventore voluptatem nisi voluptas eum totam omnis et minima ipsa necessitatibus dolorem. Maxime error sit natus error dolorem temporibus atque corrupti et magni omnis nesciunt quisquam ratione! Quos dignissimos adipisci fugit omnis, praesentium dolor natus quam suscipit error deleniti laudantium mollitia commodi. Ut natus voluptas est quas quod minima deserunt magni numquam quaerat illum ut vero libero; culpa suscipit dolor ipsam et est sed maxime necessitatibus quis aut quae, excepturi porro officiis. Dolorem est porro sit nisi in velit rem hic perferendis qui aperiam sit voluptatem vitae.','11131843-6f2a-7a2b-5052-ee3684e78c27','1981-06-21 09:02:12'),('4782d29d-4baf-7371-d290-152dfadf6d0d','Doloribus sint itaque nam quia.','video-ccdbefbb-706d-45bd-9da8-1099349b14c0-742273044.mp4','Totam aut veritatis et impedit sed assumenda et explicabo vero aut delectus corporis qui at. Qui earum nesciunt odio non ut qui tempore velit aut est omnis ea voluptatem ut. Laudantium labore ut voluptate voluptatem eaque natus error autem tempora dolor optio beatae aut repellendus. Repellat ipsum quia ab eaque quaerat aspernatur doloremque a dolorem dicta sit nemo sed quos. Placeat ipsam quasi dolores non odit tenetur sit repellendus nisi unde minima odio ex magni! In dolorem ut sed unde, sit sed asperiores et modi voluptates dolorem sunt harum enim. Et at ullam quaerat dolor sint voluptate voluptas inventore impedit doloribus aut vitae cupiditate nobis. Aut neque veniam repellendus neque accusantium a voluptatem error accusamus sapiente nostrum iusto a earum. Deleniti harum pariatur est unde labore rem nemo ipsum voluptatem aliquam nobis non magni qui! Excepturi accusantium exercitationem sit ut facilis iusto unde voluptatem aliquid consequatur perspiciatis illum laboriosam numquam. Et ratione libero, tempore earum blanditiis nobis sequi voluptas dolorem error perspiciatis praesentium est ad. Placeat adipisci officia velit mollitia repellendus voluptatum nihil dolores ducimus accusantium ut ipsam reiciendis magni; saepe eos odit nemo et omnis consequatur minus soluta sed libero error fugit ea quia? Totam quia officiis distinctio quam similique, voluptas enim consequatur aperiam quidem voluptatem eligendi sequi velit! Voluptatem cum exercitationem saepe dolorem sed esse ut nihil id adipisci modi quam reiciendis earum. Numquam sit, omnis ut sed placeat eos non accusantium aliquid nemo ea error est voluptatem. Quis numquam vero porro possimus ut quaerat, ea perspiciatis ea non sed ut neque quam! Dolores ut aut soluta, aut mollitia eligendi sapiente et vitae accusantium voluptas asperiores itaque provident. Id aspernatur voluptatem sed quisquam magnam eum in, sed aperiam porro iste quasi est ut.','309d2263-2362-1f28-93ef-c9d5c2d91e91','2011-05-22 07:30:27'),('4958949d-17c9-454d-841b-27d9d367aeb0','Minus qui quia quos quia ut.','video-ccdbefbb-706d-45bd-9da8-1099349b14c0-742273044.mp4','Est non doloribus qui aperiam aut, labore in soluta ut rerum qui quaerat voluptates voluptas. Unde ut rerum alias et consequatur ab laborum doloribus ut adipisci doloribus voluptas ad soluta. Esse obcaecati sit facilis nobis qui adipisci sed laudantium nihil ut hic quia libero qui; non perferendis doloremque consequatur ratione beatae est ea inventore omnis magnam ipsum natus officiis maxime. Sit repellat perspiciatis sequi non dolorem quo quas alias, perferendis ullam dolor quo autem illo. Id pariatur consectetur dolor aspernatur iste aut ad rerum recusandae alias ad ipsa adipisci qui. Laboriosam adipisci, qui consequatur veritatis natus voluptatum molestiae ea sapiente et officiis dolores unde iusto? Laborum dolorem voluptas minus perferendis et aliquid voluptate id eligendi consequuntur vel saepe molestiae corporis! Temporibus ex voluptatem adipisci odit unde blanditiis aut est omnis possimus nisi eum sit consequuntur.\r\nBlanditiis voluptatem eum, natus labore et voluptates molestias molestiae ratione error modi dicta ipsam ratione. Autem sit dolor voluptatem sit, perspiciatis quia itaque ut perspiciatis qui dolor possimus fugit ut. Consectetur dolorem eius eos expedita aspernatur ut neque dicta sapiente nemo in quia iste nihil! Maxime amet ut at ratione consequatur incidunt et, ex eum sed et nemo aut non. Ex temporibus et eveniet iste sit ex quae vel aut sunt quia molestiae sint sit.','580aecdb-127b-39e1-6741-16298a76bb64','2009-12-16 11:12:31'),('4ba825b4-6631-78d1-5998-ae38c5379e4b','Et perspiciatis iusto rem et eaque.','video-e353724c-c316-47b0-977f-97bd9d44aec8-708340527.mp4','Et qui id eveniet, rem sunt saepe iusto et enim et eum architecto ut voluptatem. Ipsa repellat delectus at ipsa voluptatum officia repudiandae quia sit velit pariatur quia nobis praesentium. Minus eum repellat quia ut quia asperiores ex laborum ea eum quia laudantium molestiae voluptatem. Ullam perspiciatis voluptatem nam vel maiores itaque odio ut omnis laudantium placeat vitae quae distinctio. Veniam rem nisi voluptatem ut enim unde eligendi voluptatibus non dolorem ut porro eaque sit. Tenetur recusandae atque quia rerum voluptatem sed animi est impedit ipsa saepe aut quis reprehenderit. Aut explicabo adipisci quo labore doloremque est voluptas et quaerat natus iste quos ratione voluptatem; fuga repellat aliquid modi aut perspiciatis error a dolorem quos ducimus ut quia non a.\r\nQui aperiam laborum, quia aliquam unde doloribus amet laboriosam voluptatem autem et vero est magnam; omnis fuga consequatur pariatur commodi et sapiente ut rem sint exercitationem sit amet voluptatem in. Voluptatem repellat assumenda sequi itaque consequuntur modi est magni maiores illo et voluptas facere alias. Sequi quod voluptatem, autem nihil inventore molestiae omnis delectus aut officia quis illo porro adipisci; vero consequatur aliquid architecto ratione officiis odio perspiciatis aut sit, sed in aut esse earum; eligendi labore neque libero et fugiat dolores accusamus repellat reiciendis qui et corrupti voluptatibus quas? Consequatur qui, sint aut officiis odio unde natus ut corrupti voluptas sit suscipit error culpa; quia aut, eius tempora dignissimos sed sunt qui excepturi tempora unde quos iure quia corrupti. Repellat asperiores delectus numquam officiis ut illo reiciendis nam in delectus voluptatem recusandae tenetur velit. Qui voluptatem commodi iste quia, natus provident ipsam accusantium neque autem quis eius animi maiores.','57c4d997-7a97-5cf3-94ef-c9d5c2d91e91','1970-01-01 00:01:40'),('4c411322-7cb4-657d-6fe3-2ceaa9cf3765','Autem dolor error est exercitationem.','video-e353724c-c316-47b0-977f-97bd9d44aec8-708340527.mp4','Veritatis excepturi consequatur pariatur vel, dolorem architecto sapiente adipisci perspiciatis reprehenderit quibusdam architecto nostrum odit. Itaque nihil excepturi molestias vero perspiciatis nisi sit officia voluptatem excepturi eaque consequatur voluptatem unde. Aliquam eveniet et omnis et quisquam ut veniam dolores quasi nobis minima voluptas numquam libero. Rerum iure voluptatibus accusamus, quasi incidunt modi consequatur consequuntur corrupti placeat et aspernatur laboriosam sed. Inventore impedit consectetur sit voluptatem ea et aliquid optio ut accusamus autem alias perspiciatis ut. Qui quis cum rerum blanditiis voluptates voluptatem omnis quis unde omnis veniam soluta perspiciatis rerum. Magnam molestias modi error perspiciatis perferendis nemo ullam, omnis tempore perspiciatis accusamus maiores illo dolorem! Sit consequatur blanditiis consequatur accusantium veritatis ducimus, optio porro voluptatem et harum et cumque deserunt. Ut accusantium doloremque sed neque consequuntur enim praesentium velit unde facere eligendi commodi voluptas corrupti. Quia dolorum fugiat debitis enim error enim doloremque sit doloribus laborum qui consequatur, repudiandae voluptatem. Unde qui adipisci ipsa reprehenderit voluptatem eum quia ut enim ut vel unde et eum. Eius ipsa ducimus sunt aut voluptates dolorum repellendus quo quis omnis eligendi ea ut cumque!\r\nUt architecto cumque dolore dicta, blanditiis ipsum aut est enim aut minima quas qui laudantium. In omnis nihil ipsa et nihil libero quia sapiente ipsam nulla nobis quae nemo eum. Perspiciatis ad dolor iste animi earum ut cupiditate sit nemo culpa repudiandae voluptatem est accusantium! Rerum quia veritatis sapiente sint nulla ut sapiente fuga nesciunt ea temporibus quasi harum consequuntur? Expedita aperiam quod modi et consectetur perspiciatis voluptates consectetur sed eos ipsa quae labore rerum! Et optio quidem nemo quidem et vitae omnis laborum et ea assumenda excepturi sed libero? Sint et qui beatae mollitia, sed quos error tempore perspiciatis atque iusto sed nesciunt et. Qui quae nesciunt et iste autem, amet unde maiores explicabo omnis quae eum quos tempore. Omnis non ut optio cumque illo cupiditate sit nemo cupiditate dolores pariatur non velit in. Incidunt et, quia quos repudiandae ipsa laboriosam quia mollitia illum tempore vero perspiciatis tempora est! Autem cumque rerum recusandae beatae ut saepe nam sed voluptas numquam expedita aliquam iste impedit. Explicabo voluptas quo esse enim quia dolores veniam et illo aliquid saepe sunt eligendi accusantium! Natus sit temporibus enim non nisi nostrum numquam et sit officiis soluta vel enim repellendus. Eos hic eaque, et sed commodi quam doloremque expedita quia minus deserunt optio soluta expedita. Temporibus dolorem voluptatem animi velit error possimus unde omnis animi quae autem deleniti possimus voluptatem. Eos nam qui ut aliquid officiis cumque blanditiis cumque natus eveniet numquam quia voluptatem alias. Consequatur quibusdam et aut, molestiae voluptatem fuga sed non sequi error neque impedit recusandae ut; id ab, culpa praesentium sint soluta atque eos cum sed optio quae et quo quos.','5c987ea5-6255-29be-49ee-40eadd5993d6','1970-01-01 00:13:13'),('54878d33-29de-72c5-891b-27d9d367aeb0','Iusto accusamus modi suscipit ipsa id.','video-ccdbefbb-706d-45bd-9da8-1099349b14c0-742273044.mp4','Voluptate est non porro recusandae soluta magnam ducimus sed accusamus quidem sit explicabo libero eius. Error odio perspiciatis laborum ut doloremque ut et aut perspiciatis reiciendis nemo sit facilis vel; sit voluptatem nulla, omnis aspernatur repellendus ratione quod dolore officiis quas enim quia nostrum laborum. Temporibus at quos voluptatem unde architecto optio molestiae expedita iste architecto aliquid dolor sint minima? Nemo quod fuga odit minima distinctio voluptatum sit dolor nobis aliquid in tempora quia quaerat. Illum qui dolorem sunt et recusandae ipsum temporibus eum, ipsam corrupti nemo ut quia tempore. Rerum nemo et quibusdam accusamus non ipsum reiciendis, omnis quaerat ut est et aut aperiam. Natus quam consectetur et sit laudantium et non libero saepe quae et est voluptas tempore! Voluptate voluptatem similique neque beatae, ut quam maxime autem eum error repellendus quis et amet. Aut qui impedit temporibus et sint est voluptatem debitis unde debitis et natus beatae excepturi. Voluptatem consequatur ad recusandae tempora modi tempore in quod sit corporis commodi consequatur tempore molestiae. Nam et animi id officia quisquam doloribus a veniam sint expedita quisquam commodi accusamus ut!\r\nQuidem error tempore aliquam id nihil voluptas velit sed et qui maxime cumque vel sit. Consequuntur rem dolor cumque nulla ut ea veritatis unde molestiae quae ea maxime consequatur officiis. Architecto in nihil quod non cum magnam quod et hic velit, tenetur perspiciatis odio velit. Voluptatem sed error deserunt id ea et repudiandae cupiditate dignissimos assumenda vero iusto aperiam eveniet. Et hic atque asperiores temporibus commodi doloribus, consequatur nemo asperiores incidunt dolores voluptatem molestias aliquid? Expedita quaerat dolore quae incidunt non voluptatibus nesciunt qui non iste ut molestiae nemo sint! Natus cumque sed sit dolorem nihil sunt natus dolor voluptas doloribus voluptatem debitis tempore enim; voluptatibus necessitatibus non sit, aut excepturi voluptatum numquam unde expedita unde eum tempora est voluptas. Quia suscipit, sapiente porro ut autem vero harum natus et magnam id similique veniam expedita. Sunt unde laudantium, mollitia optio voluptates sint sit magnam eos ut accusamus soluta reprehenderit suscipit? Unde omnis, minima consequatur accusamus obcaecati magnam et sit assumenda adipisci et ab voluptas voluptate. Ex consequuntur aut ut aliquid labore possimus natus unde iste officia consequatur ducimus et est. Qui ut sed sit aspernatur dolor natus eius sint odio aliquam error in quasi recusandae; vitae rerum mollitia sed tempora dolores, facere delectus et qui expedita inventore voluptatem porro eum. Quisquam qui illo rem sint ad omnis voluptatem aut ducimus aliquam modi quibusdam ratione officiis! Nemo et reiciendis omnis deleniti deserunt vel est beatae culpa modi ut fugit facere cupiditate. Vel velit explicabo, ipsa ut et nisi dolorem dignissimos error provident corporis ut facere id.','2000637a-2a69-2e7e-a135-f63bd3f197bd','2018-12-23 22:12:43'),('5499db4b-17be-2f25-72e3-2ceaa9cf3765','Esse ex ut unde eveniet et ut.','video-ccdbefbb-706d-45bd-9da8-1099349b14c0-742273044.mp4','Ut labore natus, tempora ullam rerum sunt voluptatibus quae dolores ex aut adipisci facere obcaecati. Dolorem recusandae fugiat sed aliquam consequatur esse ad sed esse dolores beatae excepturi illo qui. Sit sint nobis ut tempore veritatis excepturi optio qui labore et ipsa deserunt voluptate in. Omnis beatae blanditiis qui beatae voluptas aut, molestiae aut temporibus debitis id porro deserunt id! Ipsum tenetur id facilis beatae sunt iure molestiae sed voluptatem obcaecati praesentium suscipit perspiciatis magni.','11131843-6f2a-7a2b-5052-ee3684e78c27','2009-10-06 23:18:31'),('5735931e-471e-4e0a-a466-a58ab8ff47ca','Quia commodi repudiandae nihil in ut.','video-ccdbefbb-706d-45bd-9da8-1099349b14c0-742273044.mp4','Quia esse blanditiis nostrum est omnis qui atque deleniti obcaecati minus ratione harum iure est. Rerum nostrum natus quam accusantium vero voluptas distinctio explicabo ut quia et fugiat dolor adipisci. Nisi omnis reiciendis consequuntur rem ad quae deleniti dolor aliquid sit ullam officia ullam repellat. Est sit aut sapiente quia maiores ipsam vero nulla eum enim laboriosam unde enim voluptas! Quibusdam impedit ea error dolores dolorum earum assumenda ducimus nesciunt aliquam eum ut error nulla. Dolorem nihil enim consequatur fuga sequi et est, voluptatem doloremque pariatur sequi ducimus vero dolores!','309d2263-2362-1f28-93ef-c9d5c2d91e91','1970-01-01 00:01:44'),('592d4ad8-3675-2016-ecdb-93dede770727','Aut et voluptate quia ut.','video-e353724c-c316-47b0-977f-97bd9d44aec8-708340527.mp4','Illum sunt ut voluptatem sapiente, unde qui maxime quo ratione unde voluptatem velit totam dolores; dolores unde id a omnis fugit voluptas sit cumque aut iste voluptas expedita illum eligendi; tempora ut sed et incidunt quo unde ut sit officiis tempora voluptas magnam magni quos. Architecto inventore quo ea quae aut, ab soluta rerum autem soluta deleniti recusandae sit sint. Provident natus enim omnis quas et consectetur perspiciatis pariatur labore dolor nemo ad sit cupiditate. Neque dolores quis aperiam unde sit temporibus ea libero quam adipisci atque reprehenderit accusamus quia; ipsa quam deleniti dolorem delectus est, possimus quam est sed et facilis eos eveniet et. Est aut beatae fugit fugiat ducimus distinctio veritatis voluptatem impedit neque dolor repellendus perspiciatis corrupti. Non nisi ad aut, repellendus in voluptate veritatis sit et iste sed inventore et est. Accusantium nobis quis voluptas assumenda in sed, voluptate corporis vero in ut error unde expedita; vel et aut consequatur laboriosam aut eius, officia et aut architecto nihil laboriosam sit aut. Rem minima iste molestiae esse sed explicabo fugit non quaerat officia in qui unde dolor. Possimus est, minus officiis rerum laborum repudiandae nam unde quia perferendis quo quis odit quis. Dolorem at velit temporibus, sed repellendus consequuntur et in amet perferendis architecto ab labore est; sit est, nostrum molestiae commodi numquam qui et nobis error rerum corporis corrupti et suscipit...','30007451-29ff-4fe4-3707-70859f4ff30d','1970-06-18 10:10:51'),('6123f364-3fd4-3ffe-3e6b-1629b83affd2','Ipsam qui unde est consectetur omnis.','video-ccdbefbb-706d-45bd-9da8-1099349b14c0-742273044.mp4','Qui ipsam atque dolorum in ad eos quia rem, labore distinctio qui eaque aut eius. In voluptatem et aut voluptatibus ipsam cumque aut consectetur dolorem totam obcaecati quaerat aperiam et. Autem nisi temporibus cumque ea, exercitationem quia itaque cumque sed accusantium debitis numquam et possimus. Eum error, est sit obcaecati praesentium natus perferendis ea consequatur mollitia ut ex eius et. Ut labore ab, nemo fuga quasi et voluptatem voluptas sed fuga itaque illo in soluta. Repudiandae voluptatem et quis et officia ipsa quia, modi obcaecati impedit et aut asperiores aut! Commodi id iste error quasi illum labore ut sit iusto nisi architecto ipsa iure et. Voluptatem aspernatur, facilis ut suscipit unde quam unde dolores voluptatem dolorum nobis et voluptatem vitae. Mollitia sit omnis cumque sapiente ratione aliquid molestias omnis labore numquam perspiciatis reiciendis earum et. Vel beatae sunt voluptatem id est sit sed accusantium placeat ab harum quo dolorem fugiat. Nesciunt non est labore doloremque quasi aut consectetur perferendis voluptatem id consequatur eveniet explicabo eos. Aut non asperiores reprehenderit ab rem aut saepe quis quia rerum perspiciatis quia est deserunt; rerum sint sunt eveniet, soluta id autem vel tempora ut rem tempora quia cupiditate veritatis. Sunt unde quae autem magni aut aliquam accusantium hic at molestiae voluptatibus, libero nam tempore. Doloribus minus iusto sed iste rerum qui non assumenda ex eaque vero ut sint dignissimos.\r\nNeque ea quas est perspiciatis rerum sequi neque nam perspiciatis illum ut quia eos nostrum. Voluptatem quam perspiciatis fugit accusantium ut consequatur sed dolorem aperiam minus sit blanditiis, inventore fugit. Quia ut beatae molestias a quia nulla enim quo voluptas libero laborum quas a autem! Qui adipisci nemo porro similique ut in officia laudantium nostrum molestiae ipsa eos cum sed.\r\nQuis quia nam in modi laudantium rerum eos quia optio voluptatem dolor et autem dolore. Sit consectetur corporis sit consequatur perferendis magni molestiae ut accusantium odit debitis quia eum maxime. Maiores consequatur rerum, dolorum placeat omnis aperiam ut vitae delectus ea accusamus fuga architecto saepe. Doloremque voluptatem inventore sit odit qui corrupti voluptatem vel aut quia id qui dolores laborum! Voluptatem error quae sunt earum minima ut tempore eaque, corrupti nihil sunt ipsa magni officia. Voluptatem veritatis omnis ea rerum doloremque explicabo quo nemo ipsam, beatae sed officiis ipsum earum. Neque expedita officia ipsum officiis amet dolor vitae culpa provident error hic at facilis saepe. Ut qui harum architecto similique ipsam sunt ut nisi officiis est dignissimos voluptatum eligendi voluptates! Id et libero qui sit qui omnis tempora quis, tempore ab ut omnis dolores recusandae; ratione sed voluptas sed est iure dolores aut magni facere non inventore molestiae voluptatum autem. Magni officiis neque aut ex ea quasi facere quia ad sequi cum qui sit qui. Tempore unde nam enim, voluptas id voluptatem perferendis consequatur quidem voluptatibus voluptatem sit animi velit. Dicta error ut id quos eveniet, enim nam qui obcaecati eos nesciunt dolorem adipisci cupiditate. Aut iure consequatur consequuntur est adipisci facilis et eos quia nobis aliquid velit iusto aperiam. Dolores odio unde sit qui, consequuntur vitae amet praesentium similique error officiis ut nesciunt consequuntur? Vel perspiciatis necessitatibus illo sed enim qui omnis qui rem quod consequatur cum qui porro! Qui inventore aut ducimus quia deserunt iste exercitationem ut consequuntur error repellendus iusto ab officia. Numquam dignissimos fuga velit itaque voluptatem aut sint eveniet ratione quo veritatis quos nesciunt suscipit! Cupiditate aspernatur rem dolore ipsum voluptate dolorem vel veniam blanditiis in ex quisquam qui quaerat? Error eum ipsa, quisquam dolorum itaque expedita quod mollitia vitae consequuntur quod ut sit consequuntur.','34e2b4cc-3758-293d-7aa4-4b24de418577','1970-01-01 00:00:08'),('6462f381-27bb-2826-d490-152dfadf6d0d','Non totam odit perferendis facere.','video-ccdbefbb-706d-45bd-9da8-1099349b14c0-742273044.mp4','Iste natus adipisci aut sit cupiditate, suscipit adipisci iusto quaerat facere unde repudiandae beatae perspiciatis. Impedit temporibus hic id quia qui nesciunt voluptate cumque deleniti unde magnam ratione eos unde. Quaerat pariatur sed itaque ducimus perspiciatis in iste ipsum earum distinctio quis vitae et ab. Nesciunt pariatur a molestias hic nam ad labore consequuntur dolorum voluptatum quia harum et sed? Quia quis quod culpa reprehenderit dolores voluptatibus aspernatur nemo porro optio dolorem ut sed incidunt. Distinctio ut similique animi minima aliquam incidunt est illo est quo officia quia excepturi quas? Quae ut veritatis rerum delectus omnis sunt saepe harum incidunt sed autem sed eum ea. Ad et velit distinctio quia quis harum voluptatem est reiciendis ut nostrum ullam rerum repellat. Est expedita a quos perspiciatis quam exercitationem et maiores aut hic velit sed error iusto. Iure voluptate consequatur rerum, autem voluptatem tempora explicabo autem ullam omnis saepe velit nihil saepe. Commodi eius maxime reiciendis dicta, voluptatum illo possimus veritatis blanditiis laborum et iste fuga voluptates! Obcaecati labore autem quo facilis dolorum saepe sed delectus et recusandae corrupti ab dolorem voluptatem. Dolorem alias velit veniam perferendis aliquid voluptates nihil eum qui ut magni minima quo unde? Rerum aut molestiae quibusdam quaerat voluptatem omnis voluptatem et voluptas in ut adipisci quo possimus. Omnis debitis porro sit beatae possimus illum quia ut est ab repellat ipsum ut voluptas! Voluptas a sed aut unde natus accusantium exercitationem hic quis blanditiis temporibus ea sit nesciunt. Dolores ut, vel tempore nobis blanditiis eius odio excepturi laudantium fugiat iste id pariatur eum. Est delectus incidunt sit qui cupiditate itaque quo dicta voluptas sed voluptatem sed similique dolore!','429ce6a6-62b9-6ad6-8aea-778aee59fea3','1974-07-04 14:48:17'),('67cb2614-27d9-36f4-406b-1629b83affd2','Sit hic quasi consequuntur ab quaerat.','video-e353724c-c316-47b0-977f-97bd9d44aec8-708340527.mp4','Vero est ut reprehenderit aut, voluptatem in minus dolorem quibusdam fugit impedit enim odio dolorum. Ratione excepturi officiis ut dolor quia sunt harum aut quisquam odit et asperiores voluptatem voluptates! Dolor ut nemo rerum molestiae, corrupti labore sint ut voluptatem harum non ut et eum. Laboriosam et exercitationem qui molestiae nostrum magni nostrum praesentium culpa atque voluptatum laborum sunt architecto. Ut a natus vero autem voluptatem est distinctio omnis aut voluptas et aspernatur non sit.\r\nCum officia, iusto in quis officia ipsum temporibus eveniet consequatur mollitia autem eaque quo aliquid; quod ut tempora a commodi, in dolores ut aut ipsa id quisquam et velit perspiciatis.\r\nCum eum voluptatem eum natus ut error et est cumque sed quidem eaque est distinctio; obcaecati omnis eum perspiciatis ipsum sapiente deserunt possimus temporibus error eum iusto quo eligendi perferendis? Sapiente est ad neque provident sunt ratione qui voluptatem aut rerum et sapiente sed omnis.','2000637a-2a69-2e7e-a135-f63bd3f197bd','2011-02-03 20:35:28'),('6827e1c0-5b98-6d19-831b-27d9d367aeb0','Delectus totam qui.','video-ccdbefbb-706d-45bd-9da8-1099349b14c0-742273044.mp4','Perspiciatis qui quasi consequatur magnam architecto adipisci distinctio voluptas perspiciatis velit error ea consequatur vitae. Pariatur similique accusantium non voluptatibus eaque placeat hic repellendus voluptatem hic omnis dolore aliquam doloribus. Harum est quaerat, nesciunt ipsa sit ut consectetur sed perferendis perspiciatis quia assumenda nam voluptatem. Eum et hic sit, doloremque sit officiis sed assumenda qui molestias ea facilis laboriosam illum. Et iusto ex quod est, repellat cupiditate unde sit quasi odio ut cupiditate veritatis molestias. Sed dolores perspiciatis enim sint soluta sit voluptatem excepturi nulla quis necessitatibus ut iste natus; similique eaque perspiciatis excepturi temporibus facilis et nam placeat non voluptatem non delectus consequatur a. Cum inventore, quis voluptatum eum maxime rerum voluptatem recusandae libero aut in perspiciatis adipisci aut; et voluptatem sed, numquam cumque atque omnis corporis explicabo quam aliquam nobis ad laudantium aliquid. Libero est possimus alias quia deleniti sed molestiae eos omnis iste et dolor dolorum consequuntur? Aut maiores sit et sint ad, in ipsam et omnis quibusdam tempore magni optio et. Perspiciatis reiciendis quam, voluptatum et minima perspiciatis dolorem quis consectetur ut temporibus fugiat obcaecati rerum? Vel quibusdam quos architecto odit tempora sequi quae aut sunt aut earum ut quos dicta. Voluptas sed, repellendus eaque omnis vel suscipit magnam nesciunt ad voluptatibus dolor aut reprehenderit fugit; dolorum debitis iste ullam voluptatem ad fugit labore rerum voluptatem assumenda unde placeat voluptas non. Illo neque, ducimus dolorum vero sit sed doloribus quasi deserunt et aliquam vero aut tempora. Qui error quisquam est officiis esse atque dolor et ipsa eos nisi et velit molestiae? Accusamus corrupti illum atque voluptatem quis veritatis unde beatae voluptatem fuga sed laboriosam natus et.\r\nSequi ex id vero dolor quis ea dolor error consectetur molestias totam commodi vero unde. Sed nisi consectetur tenetur, cumque et ipsam sit quo dignissimos maiores numquam aperiam minus eum? Ducimus iusto dolores fugiat nesciunt deserunt reprehenderit qui vitae qui quia omnis facilis consequatur nulla. Magni eligendi sed velit ab qui culpa nulla obcaecati quia enim delectus natus error qui! Impedit dolores porro voluptatem eum ipsum perspiciatis minus iure et tenetur natus dolor earum laboriosam. Officia deserunt error illo veritatis nihil consequatur et nesciunt, dolor cumque qui optio magnam ipsum. Sequi consequatur dicta nemo voluptatem qui molestiae quasi et aut necessitatibus ut numquam, velit fugiat. Rerum enim repellendus iure reprehenderit expedita et adipisci ut et iure velit ea quibusdam dolor. Vero et modi pariatur sed deserunt sunt reprehenderit itaque iste doloremque provident, unde sequi asperiores...','610e08c4-5baf-708b-5f39-bf9bc2f12cf0','1970-01-01 00:00:04'),('6e0dc48e-3eac-6143-9b66-a58ab8ff47ca','Quia tempora voluptatem.','video-ccdbefbb-706d-45bd-9da8-1099349b14c0-742273044.mp4','Eligendi sequi in ut non voluptatibus autem et, esse in aut omnis saepe in vel. Autem sequi quidem fuga consequatur debitis, ad voluptatibus et non accusamus et vel obcaecati possimus! Quia qui quo magni vel et est pariatur eligendi quae omnis sed et ea eum? Harum consectetur reprehenderit libero alias autem fugit nemo et est hic adipisci voluptas aperiam ut. Aspernatur molestiae aliquid dolores et rem nobis sit aspernatur voluptatem maxime quia illo aspernatur maiores. Cupiditate qui eveniet iste mollitia beatae ipsum iste magni blanditiis provident consectetur nostrum error nesciunt; dolores molestias, fugit et quidem consequatur enim numquam obcaecati aut ab autem itaque error cupiditate? Vel id harum omnis nisi molestiae ut rem id error omnis harum perspiciatis repellat aspernatur. Ut et aliquid velit, harum sed voluptatibus voluptatem repellendus omnis ut minus ullam libero rerum. Deleniti est et, vel perspiciatis molestias voluptatem accusantium modi eos doloremque possimus officiis delectus id; ut unde sed, possimus aut atque molestiae fugit culpa eius dolorem est voluptatem eum quia? Sit perferendis nihil maxime, omnis tempora voluptates quis natus et dolor ab quaerat et veniam. Magni voluptatem quasi consequatur, omnis alias cumque omnis et laboriosam dicta assumenda illo modi veritatis? Repellat ea dolorem voluptas qui maiores qui in molestias animi placeat sit vero dolorum et! Explicabo ullam ex fugiat vero porro enim voluptatum quia sapiente voluptatem, mollitia rerum consequatur cum. Sit non consequatur quod quaerat veniam inventore omnis nesciunt explicabo alias rerum quia est dicta.\r\nAliquam facilis nostrum dolores voluptas, unde voluptates illum unde perspiciatis odit nostrum et ad quasi. Harum modi nulla excepturi enim voluptate quia vel dolor ipsa vel tenetur quaerat consequatur autem. Minima eligendi eos ut id error eos quae blanditiis qui unde eos aut sed ut! Nam praesentium, dolore repudiandae aut velit iusto expedita explicabo expedita vitae iste quia magnam qui. Vero nobis exercitationem molestiae, sed quis qui quis repellendus voluptatem sed sapiente repudiandae deleniti provident! Unde porro, at amet quia id voluptatem quia ipsa inventore repellat nesciunt quas sit rerum. Voluptate ullam molestias qui exercitationem id distinctio hic harum maiores quia placeat totam iure est; enim eius nihil sit architecto in dolorum fuga tenetur libero corrupti quam aperiam dolorum repudiandae. Dicta minima praesentium perspiciatis fugit dolor sit in quis recusandae qui, voluptatem velit odio non. Voluptatem sit est non dolores iste, mollitia unde harum id et obcaecati quo omnis error. Voluptas fugit omnis pariatur expedita aut obcaecati magnam unde et asperiores ab officiis sit hic? Enim animi dignissimos dolore, tempora eos alias beatae ut cupiditate et repellat eos consectetur natus. Aspernatur sed, sunt optio modi qui eius sint voluptatem unde neque expedita quod obcaecati natus! Fuga sit non quod fugiat rerum eaque perspiciatis et adipisci molestiae ullam rem doloremque aliquam. Sint voluptatem incidunt omnis ipsa ut ratione esse omnis voluptas aut et deserunt nihil corrupti.\r\nMolestiae cumque dolores perspiciatis, sint itaque impedit repellat et enim suscipit cupiditate et non perspiciatis. Et facilis et tempora delectus omnis laboriosam ab natus nostrum sit ea omnis aspernatur molestiae! Deleniti nisi, autem eveniet earum aut asperiores vel aliquam sint omnis porro dolore dolorem reprehenderit. Voluptas molestiae error aut ipsa explicabo illo delectus atque sit qui minima ducimus aut nesciunt.','67ac0252-58aa-72c8-4ef6-9777a5de214b','1978-09-24 06:20:39'),('6ff002a7-47b1-79ff-8a1b-27d9d367aeb0','Provident commodi assumenda iure quae.','video-e353724c-c316-47b0-977f-97bd9d44aec8-708340527.mp4','Repellendus quaerat dolorum, perferendis nihil ullam iste sunt ut asperiores omnis dolor fuga est incidunt. Natus esse maiores excepturi, ut quibusdam reprehenderit ut laudantium amet dolores ut et reprehenderit veniam. Harum ullam aspernatur animi est debitis, explicabo enim iste eaque sit unde praesentium voluptate quasi. Hic aut voluptatem numquam reiciendis quaerat debitis provident repellat vel inventore illum doloribus ab odio. Quae non ut non sit magni repudiandae et itaque nulla quia architecto eum unde maxime! Neque necessitatibus repellendus id minima tempora voluptatem perspiciatis expedita, voluptate ea alias incidunt odit unde.','28e5fb2c-277e-7ba7-89ea-778aee59fea3','1995-03-13 17:13:49'),('7202aaab-47c8-2e5d-5898-ae38c5379e4b','Molestiae molestias quibusdam est ut.','video-ccdbefbb-706d-45bd-9da8-1099349b14c0-742273044.mp4','Dolore non deserunt omnis non officia nisi voluptatem aliquam nostrum aliquam consequatur praesentium non quod.\r\nConsectetur iste tempora quis explicabo, eligendi libero fuga ut voluptatum unde nisi ut est exercitationem. Vitae impedit blanditiis dolores non facere molestiae harum modi, et reiciendis animi culpa delectus in. Eum illo eveniet, beatae aliquam iste consequatur accusantium in veniam autem quo amet natus voluptatem! Esse distinctio et aut amet consequatur aut aliquid et sit fuga consectetur qui cum magnam. Numquam quia sunt ad aut amet impedit ex suscipit, vel sed magni qui veritatis aliquam? Laborum consectetur culpa sequi asperiores natus unde quo debitis molestiae aspernatur et culpa iusto maxime! Sunt maiores error sint omnis est non dolorem eos harum voluptas ipsam dolore eum similique. Omnis voluptas error adipisci neque possimus neque error saepe natus voluptatum cupiditate ratione alias voluptatem. Aut nesciunt sed tenetur sed praesentium voluptatum vitae velit, culpa qui voluptatem suscipit et pariatur? Earum labore sit repellat, accusantium officia ea cumque accusamus voluptas non soluta sunt et ipsam! Ad veritatis, rerum ut cum consequuntur et voluptates maxime sed velit et minus ut magni; ut a natus architecto cupiditate illo explicabo in nihil sed eveniet deleniti reprehenderit rerum corporis. Eveniet dolore nemo et omnis quis et autem magnam atque aut labore vel sit nemo. Quia voluptatem, deserunt et dolor ea velit aut iure suscipit sunt quae enim eligendi error. Voluptas id repellat cupiditate unde quasi consequatur debitis eius laboriosam vel error aut voluptatum qui. Quia id, natus illum unde tenetur et labore obcaecati quae reprehenderit odit voluptatem dolorem aut. Iusto cupiditate ipsum voluptates ipsa voluptas ad non provident unde molestiae voluptatibus impedit sit et? Quidem itaque quo perspiciatis ut maxime nobis sint fuga natus, consequatur illum velit ut odit.','2f26fe39-4c98-690e-a235-f63bd3f197bd','1995-08-26 01:35:06'),('7310a7ce-72fc-6d87-55b6-94da9cd298ec','Possimus doloremque dolor illum.','video-ccdbefbb-706d-45bd-9da8-1099349b14c0-742273044.mp4','Aut ex incidunt veritatis perspiciatis, natus quaerat praesentium quis nihil illum dolorem repudiandae qui autem. Cupiditate sit ut hic molestiae minus, doloribus est ipsum quam nisi nobis maiores laborum odio.\r\nIste eos, officiis ipsum dolorem et pariatur ducimus voluptatem amet in eius sed dolores aut. Enim qui ipsum voluptatum minus harum aut voluptates quia sint repellat velit quaerat reprehenderit voluptatibus. Sunt qui inventore porro nostrum ut magnam minus molestiae rem beatae et, quasi vel reiciendis; iure nihil hic qui consequatur alias voluptatem, aspernatur libero id aspernatur aut repellendus eos unde. Optio pariatur voluptatem nostrum perspiciatis, corporis ipsa itaque id earum voluptas magni sed atque quasi! Sequi nihil hic id cupiditate porro ut recusandae natus debitis iusto at hic aut voluptas.','2f26fe39-4c98-690e-a235-f63bd3f197bd','1970-01-01 00:06:37'),('74ceacc3-3385-445b-5a98-ae38c5379e4b','Quia nihil rerum voluptatem porro.','video-e353724c-c316-47b0-977f-97bd9d44aec8-708340527.mp4','Architecto eos sapiente et, explicabo reiciendis ullam unde eos odio aut qui tempora est laudantium. Distinctio aut doloremque magnam iste qui eum, quibusdam qui aut nemo et vel neque quae? At iusto dolore, animi vel facilis voluptatum et dolor sit nihil vel at odit quia. Ea deserunt possimus sed veniam iste repudiandae explicabo necessitatibus natus ipsum rem odit dolorem est? Non obcaecati repellat commodi sint ipsam, illum enim et aspernatur ut amet fugiat earum sint. Id sapiente et necessitatibus autem odit quia quibusdam quidem rerum omnis error nulla non deserunt; quia sed fuga ut sunt sequi explicabo quis ut ipsum sed aut repudiandae libero placeat. Omnis perferendis sunt voluptatem et architecto aspernatur suscipit voluptatem alias maxime qui neque eveniet repellendus. Beatae sint ducimus, tenetur praesentium ad dolorem voluptatem et magnam delectus optio perspiciatis culpa aliquam; aliquid veritatis ut unde odit corrupti dolorem minus quis rem omnis illo saepe velit dolor. Voluptatem ea quo voluptatem nisi sed possimus dolores modi blanditiis eveniet ea ut perspiciatis amet; voluptatem quae animi quia aliquam nobis doloribus sed, atque voluptas minus obcaecati sit est corporis. Id eaque, nam sed ut velit dolorem ut dolores provident architecto deleniti iste minima a.\r\nEum quo sint vel quam aliquid nemo velit atque officiis a velit provident fugit consequatur; saepe architecto enim unde omnis a maiores error libero dolorum modi ad distinctio quod ut; vel sed quia dicta ut nemo aut inventore qui sed aut et inventore beatae soluta. Vel consectetur quia id officia assumenda sed pariatur neque sunt eveniet dolores voluptas delectus consequuntur. Qui ut facilis accusantium asperiores, expedita sed facere nemo voluptatem impedit nisi voluptas rerum nobis. Itaque ratione eum minima sed inventore incidunt maxime maiores voluptate pariatur consequatur autem ut maiores!\r\nVoluptatem sit quasi et non dolores, quo labore incidunt expedita voluptatem necessitatibus magni laborum sint; velit omnis aperiam eligendi veniam itaque illo sunt necessitatibus et, itaque dignissimos numquam labore officiis? Voluptatem dolor et tenetur hic id sint magnam suscipit ut facere unde ea id voluptatem. Nihil iste neque itaque iure ut quia obcaecati laudantium accusantium enim voluptatem et voluptatem dolorem? Voluptatem dolore aperiam fugiat omnis, magnam ut optio et ut animi error dolores iste rerum. Et quae, neque sit maiores tempora commodi quis odit vitae id voluptatem sint quisquam iste. Ducimus dolorem, eum id corporis ab velit voluptates magni beatae voluptatem est sit neque necessitatibus. Quod rerum qui sint voluptatem officia cum quia accusantium iure aliquam earum nulla quam ex. Doloremque laudantium exercitationem earum ea ut possimus doloremque omnis cumque assumenda numquam molestiae magni unde. Molestias harum architecto voluptatem sed dolore, assumenda aperiam voluptatum dolor aperiam animi unde nihil aut. Corporis maxime odit error explicabo et doloribus ratione dolores qui dolore illum perspiciatis expedita ab! Sed voluptas quia eius eveniet est iste quo rerum laborum molestiae ea et reprehenderit molestias.','34e2b4cc-3758-293d-7aa4-4b24de418577','1970-01-01 00:05:01'),('75c44418-37aa-50bc-70e3-2ceaa9cf3765','Iure voluptates quia odit iste eos.','video-e353724c-c316-47b0-977f-97bd9d44aec8-708340527.mp4','Saepe dolorem, placeat sed dolores voluptate placeat ea dolorem eveniet et rerum quo dolor velit. Et porro velit, officia ab maxime animi eum voluptatem sunt deleniti et exercitationem magni cum. Ut voluptatibus et natus rerum veritatis dicta quo, ut est non fuga perspiciatis excepturi pariatur. Ea quibusdam quam impedit laudantium eos quo eaque, cumque non exercitationem aspernatur sint est iste! Ullam iste dolores et eos est iure eligendi illo voluptatem temporibus aut laudantium voluptatem tenetur; veritatis impedit cupiditate consequatur ipsam similique dolorum dolor sint quod consectetur odit quia architecto consequatur; nemo aperiam at ut sed est omnis in cupiditate veniam sed unde, id est adipisci. Aut dolorem dicta, quia molestiae aliquam porro quis nobis ut eligendi voluptas voluptatibus tempora aperiam! Qui eos consectetur perferendis amet, minima explicabo voluptatem debitis et ut autem perferendis dolor officiis. Voluptas debitis aut, quo hic nam aut velit soluta quos facilis doloribus suscipit necessitatibus quae. Atque doloremque eaque fugit at voluptatum voluptatem labore dignissimos dolores voluptatibus omnis iste et a! Iure ut quibusdam sit ut, ipsa consequuntur repudiandae consequuntur voluptatem incidunt aliquam esse aliquid autem? Natus porro natus, est et aut et similique enim qui nobis molestiae sed aut quo; sed quis libero ipsa ut placeat quos, dolorum ea mollitia dignissimos in accusantium et aut.\r\nBeatae minima dolorem rerum ut eum totam porro placeat unde ut voluptas quibusdam aliquid quia. Ex sit non fugiat nam nulla eum totam laboriosam et sed quis, dolore atque fuga? Voluptatem unde quos voluptatem voluptates id laboriosam dolore alias illum aliquid numquam sequi minus natus. Quia rerum reprehenderit modi voluptas eos cumque atque a veritatis aut error sed blanditiis quam! Tenetur et qui itaque ut facere debitis esse odio autem blanditiis repudiandae quia quis ut. Accusamus magnam mollitia qui omnis dolorum iste iusto veritatis asperiores autem qui molestias tenetur magni. Vitae qui voluptatem assumenda nihil odit ipsum natus blanditiis voluptatum quaerat rerum hic ut voluptatum. Asperiores cupiditate at molestias et velit omnis necessitatibus est quaerat assumenda sed repellat veniam adipisci!\r\nVero maxime nihil est praesentium, soluta voluptatem cumque nihil iste omnis voluptatem et molestias fugiat. Omnis et nemo nostrum unde, voluptatibus omnis consequatur neque atque quibusdam quia ad sit quaerat. Assumenda culpa rem aut iure exercitationem odio veritatis, qui consequatur vel error nobis deleniti aliquam? Est et soluta consequatur autem sit porro nihil cum nam, nihil corrupti nihil voluptas velit. Quibusdam sit quia perferendis et voluptatem consequatur qui id, voluptas eius et voluptatem tempore esse.','28e5fb2c-277e-7ba7-89ea-778aee59fea3','2023-05-28 09:07:32'),('7c3b7b80-7de9-412e-54b6-94da9cd298ec','Error qui minima totam sint veritatis.','video-ccdbefbb-706d-45bd-9da8-1099349b14c0-742273044.mp4','Id eos rerum maxime sed, ipsum et accusamus beatae quia vero et architecto nihil quia. Omnis nesciunt tenetur optio blanditiis qui incidunt et iste cum quo et ut quis deleniti? Porro excepturi veritatis aut quisquam natus nemo minima ad et voluptate tempora iure odit error! Numquam temporibus quia, aliquam voluptatum facere quis natus qui error quis vel consequatur sit amet. Et qui iste ducimus quo autem totam eveniet dolor voluptatem aut et quas cum porro? Quod sint sed est aut fugiat dolorum, sit aut voluptates velit perspiciatis sit vitae vel! Nesciunt ullam commodi et blanditiis perspiciatis blanditiis beatae non amet totam sit repellat aut fugit; tempore sit aut illum cum laboriosam error reiciendis et qui perferendis et, nobis ea omnis. Aut eligendi veritatis est velit natus quam dolorem fugit temporibus est velit iure dolor in. Nihil laudantium dolore quo blanditiis sed, omnis aut tempore quas dolores sit tempore voluptate modi. Ut dolore quia at ipsa nobis facere deleniti perspiciatis neque explicabo omnis fugit quidem fugiat? Amet doloribus ut, neque quia velit consequatur aliquam labore omnis rerum sit voluptates sit expedita! Consectetur laudantium libero non accusantium sit quibusdam aut consequatur temporibus aut qui rerum sed perspiciatis.\r\nIncidunt odio cum rerum labore fugit eveniet natus voluptas voluptatem facilis assumenda quia itaque eos. Laboriosam eius voluptatem deserunt libero commodi doloremque molestiae praesentium eos dolorem architecto sit itaque rerum. Ut repellendus iure voluptas laudantium officiis labore ipsa possimus numquam amet fuga alias et aperiam. Velit voluptatem adipisci quaerat ea porro necessitatibus eaque debitis dignissimos voluptatem iste odit et rem. Quia cum corrupti perspiciatis excepturi animi error voluptatibus, aliquid fugit et eligendi quaerat et consequatur; dolorum repudiandae reiciendis tempore minima cumque qui consequatur qui harum aut facere rerum dolorum quis. Cum quo non odit dolorem nam reiciendis non unde repellendus labore vero et ad sit! Ipsa non impedit incidunt magni illo error ea reiciendis consequatur sed, tempora quas eum a. Sequi libero tempora laboriosam ut alias, error sed modi perspiciatis optio atque praesentium ullam ea. Vero aperiam aut ad qui deleniti eligendi, aut adipisci sapiente omnis autem nisi enim molestiae. Nulla nihil deserunt quaerat expedita rerum dignissimos dolores cum unde ad explicabo aperiam voluptatem neque. Maxime modi sit, suscipit natus recusandae voluptatem illo vel ut odio dolorum vel perspiciatis omnis? Hic sed animi rerum, natus dolorum quidem nulla error voluptatem autem quos quo aperiam velit; animi dolores fuga magnam velit praesentium, quis natus qui at mollitia repellendus alias fugiat rerum. Ea similique incidunt sed voluptate aut laborum deserunt exercitationem aut nesciunt esse sit non alias? Cupiditate culpa, dicta ab hic ut perspiciatis doloribus consectetur laboriosam quia est nam beatae quas. Veniam illum nulla, sit doloremque ut delectus qui sed necessitatibus quisquam sint aut quia alias. Obcaecati perspiciatis, voluptas iste aliquam vitae aliquam est quisquam error repellat aut inventore quasi quibusdam. Neque voluptatem quidem voluptas sed culpa ad quidem molestiae qui ut et explicabo delectus sint.\r\nQuam amet quia, qui molestias illum voluptatem iusto ipsa sed aut labore ut maxime voluptas. Perspiciatis sit praesentium voluptatem beatae est eius ad voluptatem obcaecati architecto ullam corporis quisquam et! Sit est veniam obcaecati et quisquam neque eos voluptas qui eius ut possimus rerum sequi? Enim ea esse non omnis dolor quas, quod facilis et harum ea numquam consequatur aut. Rerum ut aut optio est animi et error laborum suscipit sit modi dolor modi perferendis. Ut deserunt commodi maxime expedita iste et obcaecati eos qui voluptas qui iste atque eos.','580aecdb-127b-39e1-6741-16298a76bb64','1970-01-01 00:00:01'),('7d765e2c-410d-67ac-71e3-2ceaa9cf3765','Consequuntur sit ea provident dolores.','video-e353724c-c316-47b0-977f-97bd9d44aec8-708340527.mp4','Temporibus ipsa neque eaque iure libero odio asperiores blanditiis dolorem provident itaque deserunt repellat est. Exercitationem ipsam rem tempore amet voluptas ad voluptate eum maiores explicabo cumque veniam laboriosam excepturi. Odio facilis quos tenetur eos optio ea odio dolor error in error, nulla unde exercitationem. Vero quisquam omnis nobis eligendi in dolorem similique nihil blanditiis similique illo voluptatum aut eos? Ipsa molestiae numquam laboriosam fugit quidem quia harum et omnis quia pariatur quam qui beatae! Qui inventore dolorem, qui aut incidunt voluptatem aliquid quaerat facere sit maiores est enim voluptate. Labore et sequi eveniet quisquam rem blanditiis ut est sed qui est alias cumque voluptatibus. Dolores ex iste molestias cum alias enim sapiente rerum quia et deleniti optio itaque corrupti. Quae deserunt cumque dignissimos consequuntur sint cum sunt vero autem ipsam error eum consequatur sint? Est optio nihil eos ut tempora corporis voluptatum qui ullam aut unde explicabo quis voluptate. Aut itaque pariatur beatae autem ex odio deserunt quas soluta ipsum iste cumque dolorem ut. Eius et omnis rem natus nostrum ipsam reiciendis quis dignissimos aut officia quam nobis accusamus. Explicabo sed quibusdam rerum iusto sit minima, aut tempore molestias ipsam reprehenderit est amet error. Voluptatem et porro nisi rerum explicabo aut fugiat ipsa autem architecto exercitationem non iste sunt. Ut repellat veniam voluptatem nihil ut omnis explicabo repellendus accusantium consectetur voluptatum tempora rem mollitia!\r\nRerum quo magnam omnis similique voluptatem iste et sint sunt, laudantium illum voluptatibus molestiae error. Error maiores consequuntur saepe repudiandae quia molestias sequi alias sunt impedit sint voluptas, et enim. Magnam sint, optio tempora impedit repellendus dolore cumque eius molestiae recusandae sed quam assumenda numquam! Minima magnam debitis voluptatem reiciendis eveniet ad perspiciatis vel iste corrupti molestiae voluptatem, voluptas aut. Error ut voluptatem sunt non laborum quia quo qui quo ipsum similique illo maiores sed. Cupiditate sed rerum laborum totam possimus minima placeat quas aliquam, aut minima impedit aut error? Culpa ad molestias, dolor ut dolore deserunt possimus aut ipsum cumque et omnis iste magnam; eos iusto ea et tempore quibusdam quia maiores consequatur animi quas exercitationem est possimus ut. Asperiores quia non velit nostrum ut aut omnis nihil molestias perspiciatis non et eos magni! Rerum iusto ullam, ducimus nesciunt laborum quisquam a ea dolor veniam earum et veniam dolore. Minus deleniti rerum nostrum autem temporibus harum unde tempore omnis officiis eligendi corporis quia odit. Accusantium voluptas vel cum et sint temporibus sunt maxime mollitia adipisci quia inventore qui dolore.','34e2b4cc-3758-293d-7aa4-4b24de418577','2021-01-12 18:52:11'),('7f333d8e-5137-568f-be7b-a3ff9b28ff75','Voluptatem omnis ad nulla consequatur.','video-ccdbefbb-706d-45bd-9da8-1099349b14c0-742273044.mp4','Corporis natus rerum, est sint quia corrupti qui consequatur esse at vel praesentium non iusto; tenetur nihil aut, sapiente mollitia repellat ea eveniet minus cumque suscipit et voluptas assumenda qui. Ut et quia libero unde laboriosam laudantium neque illo eos esse reprehenderit nostrum voluptatem perspiciatis. Iste et porro voluptatem et non ad dolorum velit consequuntur qui natus veritatis eos voluptatem. Iste placeat ducimus maiores quia, beatae modi eius quos quod sint quibusdam est sequi consequatur! Ea soluta sit rem harum aliquid modi fuga rerum voluptas voluptatem et dolorem hic perspiciatis. Sunt eveniet rerum placeat dicta ipsa quae facere voluptates obcaecati soluta consequatur facilis aut soluta. Blanditiis placeat perspiciatis quia vitae quos sit labore ducimus dolores dolor sint ducimus iusto eveniet! Explicabo recusandae fugit quia cupiditate sed ad sed autem laudantium omnis voluptas minus iste illo. Dolorum nesciunt iste voluptate, ullam ut ullam sed ab hic quis ut nemo rerum ea; nesciunt obcaecati qui et provident reiciendis non qui dolores et fugiat ut ratione voluptatem odio; consequuntur veniam aut molestiae officiis officia accusantium ut repellendus sit et quam facilis dicta dignissimos; dignissimos sed autem aut sed, et voluptatem iure veritatis voluptatem tempore magni voluptas tempore ex.\r\nBeatae voluptatum saepe, expedita eius consequatur et sed qui autem tempore ad eaque ea facilis. Eius ipsam modi unde voluptatem rerum temporibus vel non ut reprehenderit exercitationem accusamus tenetur sed. Magnam omnis ex exercitationem, qui repellendus autem eum maxime repellendus aut voluptatum libero ea repellat. Sit nesciunt modi consequuntur sint corrupti minima quis officiis itaque dolor facere possimus ipsam aut. Vitae provident incidunt inventore ea aut dolorum aut harum mollitia quia asperiores similique ad quia? Numquam quia corrupti voluptas hic id nihil at quibusdam debitis neque accusamus ratione facere voluptatibus.\r\nCulpa fugit ut, voluptatibus repellat est sit accusamus sunt eligendi qui ex delectus repellendus nam. Enim numquam, rerum odio blanditiis qui exercitationem amet perspiciatis et voluptatum maxime in sit ad; suscipit voluptatem et beatae et tenetur labore, corporis iste veritatis iste architecto saepe nam corrupti. Sit beatae, eos esse sit omnis ex est sit voluptas unde ut autem facere quia; porro perspiciatis velit perspiciatis accusantium assumenda et laboriosam possimus officia deleniti molestias dolor autem aspernatur? Inventore est non minus earum rem ipsa eum minus beatae molestiae exercitationem totam saepe vitae.','2f26fe39-4c98-690e-a235-f63bd3f197bd','1992-08-07 20:06:27'),('7fa72f44-2825-2b26-d190-152dfadf6d0d','Dolorem qui non ex quaerat.','video-e353724c-c316-47b0-977f-97bd9d44aec8-708340527.mp4','Aperiam voluptatem et sunt eveniet quia recusandae ullam et sed rerum ratione odit doloremque et. Hic esse natus voluptatum corrupti unde quia provident beatae dignissimos error vel asperiores odio quo. Voluptatibus quibusdam molestias, qui est sequi provident autem error harum vero explicabo ipsum omnis expedita; voluptate repudiandae rem sed obcaecati rerum voluptates rerum, exercitationem iusto cumque unde quia ducimus similique. Et est doloremque autem eos accusantium rerum fugit necessitatibus laudantium voluptas accusamus perferendis ut omnis! Ut et neque praesentium quaerat accusantium odit omnis molestiae voluptatem temporibus, ut consequuntur sint officiis? Vel omnis expedita esse omnis unde tempore eos, error sed omnis in esse est molestias. Porro aspernatur cumque est eos error illum voluptatem maiores incidunt quae itaque et doloribus maxime; eligendi error, ab velit incidunt vel et temporibus corrupti voluptas ullam perspiciatis sed autem ipsam. Et tempora qui et corrupti et magnam sed ut rerum quae dicta natus et qui! Sit omnis dolor blanditiis vel, aliquam quod dicta aut veniam nesciunt vitae natus mollitia ut. Veritatis autem, sit ipsum cupiditate natus ea aut qui numquam doloribus tempora fuga dolor facilis; dolorem officia rerum veniam dolores voluptatem et dolor laudantium quia dignissimos officiis maiores nemo fugit...','2000637a-2a69-2e7e-a135-f63bd3f197bd','1970-01-01 00:00:58');
/*!40000 ALTER TABLE `lesson` ENABLE KEYS */;
UNLOCK TABLES;

--
-- Table structure for table `lessonpart`
--

DROP TABLE IF EXISTS `lessonpart`;
/*!40101 SET @saved_cs_client     = @@character_set_client */;
/*!50503 SET character_set_client = utf8mb4 */;
CREATE TABLE `lessonpart` (
  `lesson_part_id` varchar(45) CHARACTER SET utf8mb3 COLLATE utf8mb3_unicode_ci NOT NULL DEFAULT '',
  `title` varchar(255) CHARACTER SET utf8mb3 COLLATE utf8mb3_unicode_ci NOT NULL DEFAULT '',
  `course_id` varchar(45) CHARACTER SET utf8mb3 COLLATE utf8mb3_unicode_ci NOT NULL DEFAULT '',
  `created_time` datetime DEFAULT CURRENT_TIMESTAMP,
  PRIMARY KEY (`lesson_part_id`),
  KEY `FK_lessonpart_course_id` (`course_id`),
  CONSTRAINT `FK_lessonpart_course_id` FOREIGN KEY (`course_id`) REFERENCES `course` (`id`) ON DELETE CASCADE
) ENGINE=InnoDB DEFAULT CHARSET=utf8mb4 COLLATE=utf8mb4_0900_ai_ci;
/*!40101 SET character_set_client = @saved_cs_client */;

--
-- Dumping data for table `lessonpart`
--

LOCK TABLES `lessonpart` WRITE;
/*!40000 ALTER TABLE `lessonpart` DISABLE KEYS */;
INSERT INTO `lessonpart` VALUES ('11131843-6f2a-7a2b-5052-ee3684e78c27','Dolores optio eos autem ut ab.','19165ed7-212e-21c4-0428-030d4265475f','1970-01-01 00:00:01'),('191b53ff-4a53-52aa-6641-16298a76bb64','Assumenda porro illum natus quia quis.','27366e4a-5248-12e3-e312-ebbbcf065d1c','1978-02-15 09:13:34'),('2000637a-2a69-2e7e-a135-f63bd3f197bd','Laborum eos itaque atque.','1731fa87-79fd-4cc1-6978-553c0310877a','1970-01-01 00:00:06'),('27f91d6c-14b1-6c74-92ef-c9d5c2d91e91','Rerum rem quas.','471530a2-44fe-7395-b1ad-cb989f2177da','2010-09-25 12:48:52'),('28e5fb2c-277e-7ba7-89ea-778aee59fea3','Placeat et beatae deleniti maiores.','1731fa87-79fd-4cc1-6978-553c0310877a','1970-01-01 01:26:22'),('2f26fe39-4c98-690e-a235-f63bd3f197bd','Rerum exercitationem laborum debitis.','2924c34d-68f1-1d0a-c9c7-6c0aeb6ec302','1973-06-23 08:19:06'),('30007451-29ff-4fe4-3707-70859f4ff30d','Ad ut necessitatibus eaque unde dolor.','7a0b757e-41eb-4df6-c6f8-494a84b910f4','1970-01-01 00:09:30'),('309d2263-2362-1f28-93ef-c9d5c2d91e91','Est commodi quis dolores error.','5f7b48e5-16f9-2f2f-ecdc-845b5dcdad45','1970-01-01 01:36:19'),('34e2b4cc-3758-293d-7aa4-4b24de418577','Molestiae qui et laudantium laborum.','1731fa87-79fd-4cc1-6978-553c0310877a','1970-01-01 01:27:28'),('3e39129b-279f-623f-88ea-778aee59fea3','Accusamus amet sint molestias non.','7a0b757e-41eb-4df6-c6f8-494a84b910f4','1976-05-06 20:52:20'),('429ce6a6-62b9-6ad6-8aea-778aee59fea3','Inventore rerum alias optio molestiae.','7a0b757e-41eb-4df6-c6f8-494a84b910f4','1993-02-18 05:11:06'),('57c4d997-7a97-5cf3-94ef-c9d5c2d91e91','Enim id fugit quasi minus quis.','185f84ed-4563-51a0-cac7-6c0aeb6ec302','2023-03-19 17:11:45'),('580aecdb-127b-39e1-6741-16298a76bb64','Sequi aperiam officiis doloremque.','3631011e-4559-4ad8-b0ad-cb989f2177da','1970-01-01 02:10:09'),('5c987ea5-6255-29be-49ee-40eadd5993d6','Voluptatem nostrum soluta quisquam.','3631011e-4559-4ad8-b0ad-cb989f2177da','2012-12-31 21:37:53'),('5d571807-5b04-119e-3807-70859f4ff30d','Voluptate pariatur similique.','27366e4a-5248-12e3-e312-ebbbcf065d1c','1996-07-19 10:58:58'),('610e08c4-5baf-708b-5f39-bf9bc2f12cf0','Accusantium velit explicabo.','7a0b757e-41eb-4df6-c6f8-494a84b910f4','2003-10-10 18:08:45'),('6528b15d-6674-724f-79a4-4b24de418577','Ut perspiciatis voluptatem laboriosam.','7a0b757e-41eb-4df6-c6f8-494a84b910f4','1986-06-08 08:16:22'),('67ac0252-58aa-72c8-4ef6-9777a5de214b','Quidem quod nemo dicta dolorem.','185f84ed-4563-51a0-cac7-6c0aeb6ec302','1970-06-30 09:12:16');
/*!40000 ALTER TABLE `lessonpart` ENABLE KEYS */;
UNLOCK TABLES;

--
-- Table structure for table `user`
--

DROP TABLE IF EXISTS `user`;
/*!40101 SET @saved_cs_client     = @@character_set_client */;
/*!50503 SET character_set_client = utf8mb4 */;
CREATE TABLE `user` (
  `id` varchar(45) CHARACTER SET utf8mb3 COLLATE utf8mb3_unicode_ci NOT NULL,
  `username` varchar(255) CHARACTER SET utf8mb3 COLLATE utf8mb3_unicode_ci NOT NULL,
  `password` varchar(255) CHARACTER SET utf8mb3 COLLATE utf8mb3_unicode_ci NOT NULL,
  `role` varchar(10) CHARACTER SET utf8mb3 COLLATE utf8mb3_unicode_ci NOT NULL DEFAULT 'GUEST',
  `email` varchar(45) CHARACTER SET utf8mb3 COLLATE utf8mb3_unicode_ci DEFAULT NULL,
  `name` varchar(45) CHARACTER SET utf8mb3 COLLATE utf8mb3_unicode_ci DEFAULT NULL,
  `money` int DEFAULT NULL,
  `phone_number` varchar(12) CHARACTER SET utf8mb3 COLLATE utf8mb3_unicode_ci DEFAULT NULL,
  `date_of_birth` date DEFAULT NULL,
  `created_date` datetime DEFAULT NULL,
  PRIMARY KEY (`id`),
  UNIQUE KEY `username_UNIQUE` (`username`)
) ENGINE=InnoDB DEFAULT CHARSET=utf8mb4 COLLATE=utf8mb4_0900_ai_ci;
/*!40101 SET character_set_client = @saved_cs_client */;

--
-- Dumping data for table `user`
--

LOCK TABLES `user` WRITE;
/*!40000 ALTER TABLE `user` DISABLE KEYS */;
INSERT INTO `user` VALUES ('03205ddc-0dcf-46ba-95d0-cd295e36ca9f','a3','5Aklvx4kbDpRQDGQHt8ASg==','GUEST','a991@gmail.com','Nguyen Van A',8173,'0987988',NULL,'2024-01-04 00:00:00'),('2a88fd1e-9734-484e-b793-3c1496d686f2','a','A7INdbqb2qqMeyM64AyAGw==','GUEST','tungledxh@gmail.com','Tung',1000,'0368961208',NULL,'2024-01-02 00:00:00'),('2d1caee2-a4bc-4a50-a9d8-a07aa36d4650','a001','e05W7rmcb1+tW1UbLQKLiQ==','GUEST','aaaaaa@gmail.com','abc',6346,'0919192',NULL,'2024-01-04 00:00:00'),('35f60ffb-cdb2-43c2-a09b-150aa7d588d8','semicof1','e05W7rmcb1+tW1UbLQKLiQ==','GUEST','vuong@gmail.com','Nguyn Vn A',500000,'0388622098','2008-08-08','2023-12-29 00:00:00'),('3c2b74df-a80b-49a2-8aeb-2f759f8e369b','a1','e05W7rmcb1+tW1UbLQKLiQ==','GUEST','a991@gmail.com','Nguyen Van A',0,'0987988',NULL,'2024-01-04 00:00:00'),('566e5e7e-5777-4be6-b330-13d0f7645860','acc0001','e05W7rmcb1+tW1UbLQKLiQ==','GUEST','a991@gmail.com','Nguyen Van A',0,'0987988',NULL,'2024-01-04 00:00:00'),('705d61c4-cc2f-48cc-a532-d2b524ae2040','hhd','PUOJkp3PV3HqHCDHP7mSzQ==','GUEST','duonglv123177@gmail.com','Hong Hi Dng',9070,'0326546875',NULL,'2024-01-01 00:00:00'),('72145b6f-8b54-4dff-9c57-21bcc56e5d98','a2','e05W7rmcb1+tW1UbLQKLiQ==','GUEST','a991@gmail.com','Nguyen Van A',8173,'0987988',NULL,'2024-01-04 00:00:00'),('ab69a1a5-3a1d-43c6-a470-1666c4174b9e','a4','e05W7rmcb1+tW1UbLQKLiQ==','GUEST','a991@gmail.com','Nguyen Van A',9070,'0987988',NULL,'2024-01-04 00:00:00'),('c6e42113-0c6b-48c4-9f2c-1517e9abe9b5','admin','e05W7rmcb1+tW1UbLQKLiQ==','ADMIN','duongle.vippro@gmail.com','Duong Le ',0,'0986868686',NULL,'2024-01-01 00:00:00'),('c9536ed3-283b-4319-ac25-af308b93ab4a','dodaide','PUOJkp3PV3HqHCDHP7mSzQ==','GUEST','dodaide2k2@gmail.com','Trn ',7717,'012345678765',NULL,'2024-01-02 00:00:00'),('f55a9d62-1f97-49ae-9b59-c94218aafb4a','semicof','A7INdbqb2qqMeyM64AyAGw==','GUEST','nguyennhatvuongg@gmail.com','Nguyn Nht Vng',549977,'0388622098','2002-08-20','2023-12-07 00:00:00');
/*!40000 ALTER TABLE `user` ENABLE KEYS */;
UNLOCK TABLES;
SET @@SESSION.SQL_LOG_BIN = @MYSQLDUMP_TEMP_LOG_BIN;
/*!40103 SET TIME_ZONE=@OLD_TIME_ZONE */;

/*!40101 SET SQL_MODE=@OLD_SQL_MODE */;
/*!40014 SET FOREIGN_KEY_CHECKS=@OLD_FOREIGN_KEY_CHECKS */;
/*!40014 SET UNIQUE_CHECKS=@OLD_UNIQUE_CHECKS */;
/*!40101 SET CHARACTER_SET_CLIENT=@OLD_CHARACTER_SET_CLIENT */;
/*!40101 SET CHARACTER_SET_RESULTS=@OLD_CHARACTER_SET_RESULTS */;
/*!40101 SET COLLATION_CONNECTION=@OLD_COLLATION_CONNECTION */;
/*!40111 SET SQL_NOTES=@OLD_SQL_NOTES */;

-- Dump completed on 2024-01-08  9:52:20
